survey,row_id,col,text,lang,sentiment,sentiment_score,topic,topic_score
canteen,2,18,йфыцвуак,ru,neu,0.8271809816360474,other,0.2768186926841736
canteen,6,18,sdfetrghy,ru,neu,0.7973316311836243,other,0.17676836252212524
canteen,7,18,aXSDSC,ru,neu,0.7898211479187012,other,0.18235883116722107
canteen,11,18,фйыцвуакпервноглшд,ru,neg,0.7515586614608765,other,0.31050801277160645
canteen,12,18,яфчысвамипкт,ru,neu,0.8269593119621277,other,0.26727503538131714
canteen,13,18,"выцаупекрнголзжэх\ъ
47",ru,neu,0.8243952393531799,other,0.3904338479042053
canteen,14,18,ghjnkm,ru,neu,0.6048463582992554,other,0.3684723973274231
canteen,15,18,ghjnkm,ru,neu,0.6048463582992554,other,0.3684723973274231
canteen,16,18,sdfghtj,ru,neu,0.8251176476478577,other,0.3380277454853058
canteen,18,18,ответАйдана,ru,neu,0.7732049226760864,general,0.40673407912254333
canteen,20,18,azsdfgh,ru,neg,0.7517380714416504,other,0.24718424677848816
canteen,29,18,менять меню почаще.,ru,neu,0.8298419713973999,menu,0.6157052516937256
canteen,30,18,"Раньше никаких проблем с ЖКТ не было. Сейчас прохожу лечение с диагнозом гастрит, панкреатит",ru,pos,0.9572469592094421,other,0.39047324657440186
canteen,41,18,Разнообразить меню. Готовые блюда.,ru,neu,0.8163815140724182,menu,0.8009457588195801
canteen,42,18,"Разнообразить меню, побольше бы рыбных и мясных блюд",ru,neu,0.8110589385032654,menu,0.7696418762207031
canteen,43,18,Добавить разнообразие,ru,neu,0.8184535503387451,other,0.3827446699142456
canteen,45,18,улучшить порцию (увеличить) и площадь посещение столовой тоже.,ru,neu,0.7592682242393494,portions,0.4941718578338623
canteen,46,18,"Было бы хорошо если будет нормальные порции и выбор, кстати грубая поварша",ru,neu,0.817145824432373,portions,0.5096825361251831
canteen,49,18,"Еда на свх холодная, нет подогрева. Нет  помещения где можно оставить верхнюю одежду, а зима близко.",ru,neu,0.8193389177322388,taste,0.4718760550022125
canteen,50,18,"Еда не горячая, меню разнообразить, порции маленькие",ru,neu,0.8201140761375427,portions,0.7738944292068481
canteen,51,18,"Еда теплая,",ru,pos,0.7707153558731079,taste,0.6657404899597168
canteen,53,18,"Желательно рыбу, мясо, овощи, 
Сезонные фрукты,",ru,neu,0.7912617325782776,menu,0.6781290769577026
canteen,54,18,"Добавьте в зимнее время кофе и диетические блюда по принципу стол 5 или ПП, для тех кто на диете",ru,neu,0.644927442073822,menu,0.5631974935531616
canteen,55,18,"Побольше тушенных овощей, рыбу, кофе.",ru,neu,0.8297296166419983,taste,0.6553794145584106
canteen,56,18,Иногда горячая вода/компот/супы пахнут хлоркой,ru,neu,0.8285526633262634,water,0.8475134968757629
canteen,60,18,ВСЁ ОТЛИЧНО.,ru,neg,0.751448929309845,general,0.8505580425262451
canteen,62,18,Порции маленькие,ru,neu,0.8294336795806885,portions,0.624064564704895
canteen,63,18,Порции маленькие,ru,neu,0.8294336795806885,portions,0.624064564704895
canteen,64,18,Всё отлично,ru,pos,0.9809096455574036,general,0.9099039435386658
canteen,65,18,Все Хорошо,ru,pos,0.9573824405670166,general,0.8953853845596313
canteen,66,18,Все отлично,ru,pos,0.9808452129364014,general,0.9135158061981201
canteen,67,18,Всё нравиться,ru,pos,0.9810344576835632,general,0.7937203049659729
canteen,70,18,Спасибо вам за ваш труд,ru,pos,0.6095241904258728,general,0.5049542188644409
canteen,71,18,Нечего,ru,neg,0.7515584230422974,general,0.5503555536270142
canteen,72,18,Компот шай хлорка дәмі,kz,neu,0.6327294707298279,water,0.7426266074180603
canteen,74,18,Тамактар хлор татиды шайын ише алмайсыз.,ru,neu,0.7723932862281799,water,0.7146716117858887
canteen,77,18,Компот голимый хлор!,ru,neg,0.7515460848808289,water,0.67027348279953
canteen,81,18,"самая дешёвая еда, фруктов мало иногда не достается, в салатах много уксуса",ru,neg,0.7515970468521118,taste,0.6560273170471191
canteen,83,18,"Всё вкусно,- спасибо!",ru,pos,0.9809285998344421,general,0.79313725233078
canteen,84,18,"Можно добавить блюда из рыбы, наши любимые плов, лагман.",ru,pos,0.9778777360916138,taste,0.5836738348007202
canteen,86,18,Кешкі тамақтану 22:00 басталса дұрыс болар еді,kz,neu,0.49686044454574585,general,0.4568895697593689
canteen,93,18,"Кампот , шай және сұйық тамақта судың хлоры бар ішу мүмкін болмай қалады",kz,neu,0.468589723110199,water,0.7441020607948303
canteen,94,18,Спасибо,ru,pos,0.9623023271560669,general,0.7079015970230103
canteen,96,18,Все хорошо,ru,pos,0.9801375269889832,general,0.9017126560211182
canteen,100,18,Хорошое питание 🙏,ru,pos,0.9776806831359863,taste,0.6073787212371826
canteen,101,18,Қазақ дәстүрлі тағамдарын қосса мысал ет тағамы қуырдақ қойдың етінен,kz,neu,0.6089348196983337,taste,0.4295540452003479
canteen,104,18,Качество еды очень плохое. Было отравление.,ru,neg,0.7515589594841003,health,0.5786802172660828
canteen,105,18,Шәй хлорка татиды суға фильтр қойса жақсы болар еді,kz,neg,0.3675525188446045,water,0.7022900581359863
canteen,107,18,Все устраивает.,ru,pos,0.5993409156799316,general,0.7703153491020203
canteen,108,18,Еш қандай пікірім жоқ барі жақсы рахмет Алматы әуежайға,kz,neu,0.4133574366569519,other,0.39601123332977295
canteen,109,18,Всё отлично 👍,ru,pos,0.9809269905090332,general,0.9003268480300903
canteen,113,18,Все хорошо главное гигиена чтоб волос мух не добавляли,ru,pos,0.953038215637207,hygiene,0.609743595123291
canteen,116,18,Разнообразить меню по вторым и первым блюдам.,ru,neu,0.8021120429039001,menu,0.791250467300415
canteen,118,18,Разнообразить меню,ru,neu,0.8288647532463074,menu,0.7640552520751953
canteen,119,18,Не вкусно одно и тоже как попало,ru,neu,0.8162198662757874,portions,0.5817828178405762
canteen,122,18,Балық күні жиі болса екен. Вареники болса деймін,kz,neu,0.569208562374115,general,0.4853256940841675
canteen,123,18,Бывает изжога,ru,neg,0.7515169382095337,other,0.35622772574424744
canteen,125,18,Часто в блюдах выходят насекомые черви,ru,neu,0.8296636343002319,hygiene,0.5183804035186768
canteen,126,18,Шәй ішейіндесең хлор сасиды судан котлет жесең ежога тамақты басқалары жақсы,kz,neu,0.4369903802871704,water,0.731930136680603
canteen,127,18,Тамак мәзірін көбейтсе және порциясын,kz,neu,0.5085155367851257,water,0.49450868368148804
canteen,131,18,Сотиудники  раздатчицы столовой более вежлевее относились бы к сотрудником,ru,pos,0.6024385094642639,queue,0.4019842743873596
canteen,134,18,"По менше приправы и масло  добавлять  ,а то изжога",ru,neu,0.8295762538909912,portions,0.5932024717330933
canteen,139,18,"Тамактарыныз дамсиз ,асказан ауырады тамактардан кейин",ru,neg,0.7516266107559204,health,0.5569639205932617
canteen,160,18,"Тамақтары жақсы , компоттарының дәмі жоқ",kz,neg,0.4472482204437256,portions,0.5117092728614807
canteen,164,18,Чтоб тараканов в мантах не было,ru,neu,0.8285800218582153,hygiene,0.45753535628318787
canteen,166,18,Предлагаю добавить на гарнир тесто,ru,neg,0.7528493404388428,portions,0.5320181250572205
canteen,168,18,"Неприятный запах в столовой. 2 раза отравилась , болел желудок , от еды тошнит",ru,neg,0.751502275466919,health,0.6286870837211609
canteen,175,18,Урегулирования очереди и возможность забирать с собой,ru,neu,0.8290740251541138,queue,0.4379994571208954
canteen,176,18,Уменьшить количества  растительного масла .Добавить овощи,ru,neu,0.8201536536216736,portions,0.4214087724685669
canteen,180,18,Можно меню поменят,ru,neu,0.8292364478111267,menu,0.6481894254684448
canteen,184,18,Жок. Биринши тамак дурыс емес.озгерисиз.кунде Бир тамак,ru,pos,0.9577024579048157,portions,0.5383954048156738
canteen,185,18,"Пересмотреть меню . Дают одно и тоже . 
Каши и напитки пахнут хлоркой",ru,neg,0.7514586448669434,water,0.6936469078063965
canteen,188,18,Длинные очереди иногда постоишь в очереди минут 15-20. И подают обычно одни и те же блюда,ru,neu,0.7395609617233276,queue,0.474862277507782
canteen,189,18,много раз выходило мухы и тараканы в едах. салаты не свежие,ru,neu,0.8194785118103027,hygiene,0.5986313223838806
canteen,197,18,Меню разнообразить,ru,neu,0.8253835439682007,other,0.2897595167160034
canteen,201,18,Траванулся. Сильно. Мух и тараканов много.,ru,neu,0.691847562789917,hygiene,0.5370521545410156
canteen,204,18,Каждый день одной тоже не чисто бокалы чай вода с хлоркой меню одной и той же,ru,neu,0.7901919484138489,water,0.7251588106155396
canteen,207,18,Очень плохо,ru,neg,0.7516518235206604,other,0.3896849751472473
canteen,209,18,"Освежить меню,вода(чай,компот) отдаёт хлоркой",ru,neu,0.7936854362487793,water,0.8187383413314819
canteen,210,18,"В каше всегда какие-то личинки.
Еда постная",ru,neu,0.821520984172821,hygiene,0.5113877654075623
canteen,211,18,Хотелось бы более разнообразного меню,ru,neu,0.8278956413269043,menu,0.7439965605735779
canteen,222,18,"Тамақты кунде 1 меню емес, кішкене болсын өзертсениздер, су қатты хлор шығады😢",kz,neg,0.7542544603347778,water,0.6318137645721436
canteen,223,18,тамактары дамди,ru,neu,0.826205313205719,portions,0.6442784070968628
canteen,229,18,"почему блюда из фарша ,(орома ,котлеты ,манты ) все время красное?,вкус мясо ужасное",ru,neg,0.7514534592628479,taste,0.594852089881897
canteen,235,18,Нужна микроволновка,ru,neu,0.8294515609741211,other,0.24126382172107697
canteen,243,18,Оте жаксы,ru,neg,0.7509863972663879,portions,0.44538015127182007
canteen,250,18,Разнообразить меню,ru,neu,0.8288647532463074,menu,0.7640552520751953
canteen,252,18,"Разнообразие еды, постоянно одно и тоже, котлеты не возможно есть",ru,neu,0.7652295231819153,taste,0.566552996635437
canteen,260,18,"В ночную смену еда   не свежая.
Бывали отравление у сотрудников.",ru,neu,0.8129599690437317,queue,0.45508837699890137
canteen,261,18,Бывает очень не вкусно,ru,neu,0.8240389227867126,portions,0.5439155101776123
canteen,263,18,Ұсыныс жоқ,kz,neg,0.6044517755508423,portions,0.4727916419506073
canteen,266,18,"На СВХ мало место ,компот с хлоркой отдаёт.",ru,neu,0.6983162760734558,water,0.5046748518943787
canteen,278,18,Спасибо большое.,ru,pos,0.9580782055854797,general,0.6470355987548828
canteen,280,18,"Хочу выразить благодарность нашему призеденту аэропорта, Рахмет,что делайте для нас,",ru,pos,0.9795181155204773,general,0.4209442138671875
canteen,281,18,Перестал кушать после нахождения в еде посторонних предметов животного происхождения,ru,neu,0.8301210403442383,hygiene,0.4970845580101013
canteen,285,18,Все нормально.,ru,pos,0.8564051985740662,general,0.8906576633453369
canteen,296,18,Бірінші тамақ еш өзгермейді,kz,neg,0.519659698009491,portions,0.6121212244033813
canteen,302,18,Благодарим всех поворов за вкусные обеды,ru,neu,0.8296574950218201,taste,0.5304038524627686
canteen,307,18,В еде находят червей и насекомых,ru,neu,0.8299093246459961,hygiene,0.5333351492881775
canteen,315,18,Разнообразное меню,ru,neu,0.7585538625717163,menu,0.7481728792190552
canteen,316,18,Рыбу в рационе раз в неделю,ru,neu,0.8298654556274414,portions,0.44469761848449707
canteen,318,18,Ас мәзірін әр түрлі қылу,kz,neu,0.5626745223999023,other,0.29958483576774597
canteen,323,18,"Хотелось бы восточной, и местной еды больше. А также разнообразие десертов в плане правильного питания",ru,neu,0.8067073822021484,menu,0.6894923448562622
canteen,326,18,Все отлично,ru,pos,0.9808452129364014,general,0.9135158061981201
canteen,327,18,"Компот и чай пить не возможно, как будто вода из под крана со вкусом накипи",ru,neu,0.8150567412376404,water,0.6868531107902527
canteen,329,18,Увеличить время приёма пищи. С 11.00 до 15.00,ru,neu,0.8194827437400818,queue,0.4198554754257202
canteen,330,18,Разнообразие и увеличить время работы до 15:00,ru,neu,0.8297361135482788,queue,0.5041036009788513
canteen,342,18,больше разнообразии,ru,neu,0.8246967792510986,other,0.3780305087566376
canteen,349,18,Часто в еде находятся черви и другие насекомые,ru,neu,0.8270697593688965,hygiene,0.5006833672523499
canteen,350,18,Разнообразить меню!!!!!,ru,neu,0.8276723027229309,menu,0.6744582056999207
canteen,352,18,"Одбразно, перевалено, без вкусно",ru,pos,0.5940633416175842,portions,0.6086241006851196
canteen,356,18,"Разнообразить блюда, чувствуется вкус хлорки",ru,neu,0.8155975341796875,water,0.7082758545875549
canteen,358,18,очень вкусно,ru,pos,0.9810422658920288,general,0.5336298942565918
canteen,362,18,Мне все нравится,ru,pos,0.9747785329818726,general,0.6220482587814331
canteen,364,18,Один раз муху нашел! А так все отлично!,ru,pos,0.9782243371009827,general,0.6487590670585632
canteen,369,18,Тамақтарда разнообразие жоқ.,kz,neg,0.5883586406707764,other,0.37969470024108887
canteen,370,18,Разнообразия нужно,ru,neu,0.8292369842529297,other,0.32714229822158813
canteen,373,18,Все вкусно,ru,pos,0.980204164981842,general,0.6438934206962585
canteen,376,18,Вода с чайника и кампот с прифкусом немогу их пить,ru,neg,0.7514747977256775,water,0.6382280588150024
canteen,381,18,Поменяйте меню,ru,neg,0.7516419887542725,menu,0.6046650409698486
canteen,382,18,Меню одно и тоже,ru,neu,0.8284966349601746,general,0.48563152551651
canteen,391,18,"Тіпті бәліштер мен жеміс жидектер жақсы,қалғандары нашар.",kz,neg,0.4546509385108948,hygiene,0.49598920345306396
canteen,392,18,Вода для чая хлорированная,ru,neg,0.7516087889671326,water,0.8073924779891968
canteen,395,18,"Дополнительно к напиткам, добавить кефир",ru,neu,0.8297350406646729,portions,0.5203458070755005
canteen,400,18,Все хорошо,ru,pos,0.9801375269889832,general,0.9017126560211182
canteen,403,18,Рыбы нет,ru,neg,0.751476526260376,portions,0.4067956209182739
canteen,405,18,Разнобразное меню.,ru,neg,0.7515936493873596,menu,0.7501446604728699
canteen,410,18,Компоты слабые,ru,neu,0.828579306602478,portions,0.4527645707130432
canteen,411,18,Побольше фруктов и овощей пожалуйста,ru,neu,0.8293262124061584,menu,0.578143835067749
canteen,414,18,Не добавлять специи для супов,ru,neu,0.829646110534668,portions,0.4816887378692627
canteen,422,18,"Всегда макароны и рис, можно же разнообразно готовить",ru,neu,0.8169096112251282,taste,0.5526236891746521
canteen,423,18,Менять меню,ru,neg,0.7515351176261902,menu,0.6237002611160278
canteen,428,18,Вода в титанах для чая захлорирована уже где-то  два  месяца,ru,neu,0.8217462301254272,water,0.4739847183227539
canteen,429,18,Всё отлично,ru,pos,0.9809096455574036,general,0.9099039435386658
canteen,430,18,Кампот бывает не вкусной вода с хлоркой,ru,neu,0.8134413957595825,water,0.8154167532920837
canteen,431,18,"Хотелось бы больше полезной еды, фрукты , овощи, зелени.",ru,pos,0.8497419953346252,menu,0.6371416449546814
canteen,435,18,"Компоты и чай пить не возможно,очень пахнет хлоркой",ru,neu,0.8314316868782043,water,0.8367512226104736
canteen,437,18,Выражаю Благодарю Руководству ALA и персоналу столовой!,ru,neu,0.745835542678833,general,0.5070476531982422
canteen,438,18,"Сұйық тамақтың түрің көбейтсе,су хлоркасыз болса,дәмдеуіштерді азайтса,менюді көбейтсе,",kz,neu,0.43770918250083923,water,0.5660641193389893
canteen,439,18,По больше первой блюды борщь можно каждый день. Специи поменьше.,ru,neu,0.8002822399139404,portions,0.6768480539321899
canteen,442,18,"Разнообразие гарнира, кроме риса",ru,neu,0.829936146736145,taste,0.4566534459590912
canteen,443,18,Каждый раз одно тоже кормить макорон рис,ru,neu,0.8283049464225769,portions,0.42576220631599426
canteen,444,18,фруктовый салат,ru,neg,0.7515332102775574,taste,0.6150949597358704
canteen,445,18,Кампок в хлопке...,ru,neu,0.803846001625061,portions,0.4563818573951721
canteen,447,18,"По большому счету все хорошо, немного увеличить бы разнообразие блюд",ru,pos,0.8723128437995911,menu,0.6722555160522461
canteen,448,18,Разнообразить меню,ru,neu,0.8288647532463074,menu,0.7640552520751953
canteen,450,18,"Порций по болье и по в котлетах меньше спецы, кипяток без вкуса хлора",ru,neu,0.8205575942993164,water,0.6563388109207153
canteen,451,18,Всё хорошо,ru,pos,0.9807606935501099,general,0.8986831903457642
canteen,452,18,"Шайдан ,кампоттан хлор дамі қатты шығады.",kz,neu,0.555955708026886,water,0.7053947448730469
canteen,460,18,Побольше разнообразие блюд,ru,neu,0.8277209401130676,menu,0.7989000678062439
canteen,462,18,Не вкусная еда,ru,neu,0.8237470388412476,taste,0.6850810050964355
canteen,463,18,Только слова благодарности всему персоналу столовой.,ru,pos,0.9812880754470825,general,0.5147180557250977
canteen,464,18,Компот с хлоркой,ru,neu,0.8294835090637207,water,0.6626717448234558
canteen,465,18,"В столовой чувствуется запах мойки посуды, не совсем приятный.в первые дни не было",ru,pos,0.9799428582191467,hygiene,0.5041768550872803
canteen,466,18,Рахмет,ru,neg,0.7515041828155518,other,0.3650466203689575
canteen,468,18,Бәрі жақсы,kz,pos,0.5791054964065552,general,0.7782223224639893
canteen,471,18,Отличный столовая,ru,pos,0.9743409752845764,menu,0.4634537100791931
canteen,473,18,"Первые блюда холодные,прошу установить микроволновку.И больше фруктов",ru,neu,0.8243009448051453,taste,0.5036307573318481
canteen,476,18,Разнообразить  меню.  В еду и компот наливать чистую воду.  А не из под  крана.,ru,neu,0.7856824994087219,menu,0.6407021284103394
canteen,478,18,Наливать в еду и компот чистую воду.  А не из под крана.,ru,neu,0.684302806854248,water,0.595134973526001
canteen,479,18,"В ночную смену пищу и компот привозят не свежий, обеденный остатки",ru,neu,0.8263078331947327,portions,0.6188042759895325
canteen,480,18,Чай и компот.вода с хлоркой . иногда пить не возможно.,ru,neu,0.8281620144844055,water,0.8035843372344971
canteen,488,18,"Всё очень вкусно,  небольшое но есть, разнообразие блюд, а так в целом всё очень хорошо",ru,pos,0.9753589630126953,taste,0.7273776531219482
canteen,489,18,Қол жуған жерге қағаз сүлгі койса жақсы болар еді,kz,neu,0.3621223568916321,general,0.4066677689552307
canteen,490,18,Отлично,ru,pos,0.9649509191513062,general,0.78003990650177
canteen,492,18,В выходные дни и ночную смену открывать 2 входа.,ru,neu,0.611474871635437,other,0.23918278515338898
canteen,493,18,Нормально,ru,pos,0.6443888545036316,general,0.83306485414505
canteen,494,18,Все устраивает,ru,neu,0.8252975940704346,general,0.7000669836997986
canteen,496,18,Всё отлично,ru,pos,0.9809096455574036,general,0.9099039435386658
canteen,497,18,Все отлично,ru,pos,0.9808452129364014,general,0.9135158061981201
canteen,498,18,Все отлично,ru,pos,0.9808452129364014,general,0.9135158061981201
canteen,501,18,Диетических и парных обедов к примеру пельмени манты. Ранше были молчки шас пропали.,ru,neu,0.5118033289909363,portions,0.6759638786315918
canteen,502,18,Хлорки очень много добавляют,ru,neu,0.8066441416740417,portions,0.5164977312088013
canteen,504,18,"Вообще не нравиться, после питания болит живот",ru,neg,0.7515252828598022,health,0.6091036796569824
canteen,509,18,Меню однообразное,ru,neg,0.7515330910682678,general,0.4419911205768585
canteen,516,18,Было бы хорошо если меню поменялось каждый день,ru,neg,0.7515804171562195,menu,0.5837580561637878
canteen,523,18,Каждый день одно и тоже,ru,neu,0.8249704241752625,other,0.3493993878364563
canteen,524,18,Нормально,ru,pos,0.6443888545036316,general,0.83306485414505
canteen,526,18,"В последнее время еда испортилась, вода хлорка, компоты пить невозможно.",ru,neu,0.8177931308746338,water,0.5855048894882202
canteen,528,18,Все нормально,ru,pos,0.8597316741943359,general,0.8859142065048218
canteen,533,18,Усилить контроль за качеством еды,ru,neu,0.8295955657958984,menu,0.580884575843811
canteen,535,18,Слишком много сотрудников из-за чего приходится стоять в очереди,ru,neu,0.8251643180847168,queue,0.6707128882408142
canteen,538,18,Не ем в столовой,ru,neu,0.8287234306335449,portions,0.48744308948516846
canteen,539,18,Не хватает на второй поток подлива,ru,neu,0.8032461404800415,other,0.3665614724159241
canteen,543,18,Бари жаксы,ru,neg,0.7500260472297668,general,0.4250901937484741
canteen,545,18,"Котлеты сырые, недожаренные, кампот хлорка невозможно пить, везде добавляют окорочка",ru,neg,0.751484215259552,water,0.7065072059631348
canteen,547,18,Нужно всё менять,ru,neu,0.8289682865142822,other,0.314606249332428
canteen,558,18,13:00-13:30 тамакка барсан столовая почти пустой болып турады. Ештене жок деп айтады. Как это?,ru,neg,0.7508320212364197,portions,0.5793999433517456
canteen,560,18,Вкусную еду,ru,pos,0.7277524471282959,taste,0.7237033843994141
canteen,563,18,Рацион слабоват,ru,neu,0.8285380601882935,portions,0.5258041024208069
canteen,569,18,"Частота, воду кипятить пожалуйста хлоркой отдаёт очень сильно",ru,neu,0.7021478414535522,water,0.6460709571838379
canteen,576,18,"В летний период увеличить объем компота(дают только 1 бакал, хотелось бы 2 бакала)",ru,neu,0.8015744686126709,other,0.3484255075454712
canteen,577,18,Менюды өзгертсе,kz,neu,0.5329042077064514,other,0.30352795124053955
canteen,581,18,Манта тамагын меню га косса,ru,neu,0.8294779658317566,menu,0.6249626874923706
canteen,582,18,Отзывов и предложений не имею. Спасибо за опрос.,ru,neu,0.8191361427307129,other,0.350981205701828
canteen,584,18,"Хлорка, изжога после еды",ru,neu,0.5045790672302246,taste,0.588863730430603
canteen,587,18,"Хлорка на каше и на компоте,  Компот как вода, изжога после питание",ru,neu,0.7977966070175171,water,0.6384258270263672
canteen,591,18,Изжога,ru,neu,0.8209446668624878,other,0.3489985167980194
canteen,592,18,Одни и те же специи на всех блюдах.разберитесь,ru,neu,0.8080491423606873,taste,0.6956482529640198
canteen,593,18,Много специй,ru,neu,0.8292930126190186,taste,0.5222679972648621
canteen,594,18,Очень много приправы.в блюдах,ru,neu,0.8250777721405029,taste,0.7329531908035278
canteen,595,18,"Компот, кашасы хлор татиды, 
Тамағы, десерті басына жетсе аяғына жетпейді. 
Тамақтары суық",kz,neu,0.47252219915390015,portions,0.6378219127655029
canteen,596,18,Кунделикти Бир тамак тауыкпен макарон кешкедейин,ru,neu,0.8002768754959106,taste,0.617162823677063
canteen,598,18,Көбірек ет салса суптарга,kz,neu,0.5241986513137817,taste,0.6829809546470642
canteen,599,18,Вкус компота был хлором. Несколько раз.Если чуть опоздывал то еды не хватало.,ru,neg,0.7515209913253784,water,0.5725996494293213
canteen,600,18,Кампот без вкусный много вады туда добавляют и портций 2-го блюдо маловато,ru,neu,0.8111701011657715,portions,0.7091099619865417
canteen,603,18,"Чай, компоты, с привкусом хлорки",ru,neu,0.5682543516159058,water,0.7326289415359497
canteen,604,18,"Увеличить порцию, вода не должна быть хлорированной не возможно пить чай",ru,neg,0.7515040040016174,water,0.7342582941055298
canteen,605,18,желает лучшего,ru,neu,0.8293111324310303,general,0.44879552721977234
canteen,613,18,Нормально,ru,pos,0.6443888545036316,general,0.83306485414505
canteen,616,18,Пока нет,ru,neg,0.7514777183532715,other,0.29844409227371216
canteen,620,18,Манты делать чаще,ru,neu,0.8227365016937256,queue,0.4917280077934265
canteen,621,18,Чай Кампом суп хлор,ru,neu,0.8277081251144409,water,0.695881724357605
canteen,622,18,"Котлеты сырые, компот хлорка",ru,neu,0.8205289244651794,water,0.7244002819061279
canteen,625,18,"В каше, компоте, супе замечается вкус хлорки.  В еде также замечались волосы",ru,neu,0.6737708449363708,taste,0.6507378816604614
canteen,626,18,"Компоты, супы, каши со вкусом хлорки",ru,neu,0.8300812244415283,water,0.6697163581848145
canteen,629,18,"Хотелось бы чтобы готовили вкусно , компот и чай без вкуса хлорки.",ru,pos,0.9542579650878906,water,0.6241106986999512
canteen,630,18,"Хотелось бы чтобы готовили вкусно,чай и компот без вкуса хлорки и без тараканов и червяков",ru,pos,0.9445587992668152,taste,0.5992146134376526
canteen,631,18,"Котлеты сырые, компот и чай хлорка пить невозможно.",ru,neg,0.7515534162521362,water,0.6347427368164062
canteen,632,18,Постоянно однообразная еда просьба внести поправку в изменении меню!!!,ru,neg,0.7515731453895569,menu,0.6831202507019043
canteen,635,18,Бәрі көңілімнен шықты,kz,neg,0.6237061619758606,general,0.44157928228378296
canteen,637,18,"Просим ввести в меню почаще манты,плов, рыбу",ru,neu,0.8297508955001831,menu,0.6534714698791504
canteen,641,18,"Хотелось бы чтобы готовили вкусно, компоты и чай без вкуса хлорки",ru,pos,0.9517526626586914,water,0.652344286441803
canteen,642,18,"Прошу установить микволновки, так как еда иногда на горячая и ее нужно подогреть",ru,neu,0.7754224538803101,other,0.3977457880973816
canteen,643,18,В ночное время к 01:00 со всем не остается выбора.ежедневно на гарнир только рис и макароны.,ru,neu,0.8111370801925659,portions,0.47301968932151794
canteen,644,18,Бастапқы кезде балық беретін қазір жоқ ас мәзіріне балықты қайта қосса екен,kz,neu,0.46657198667526245,other,0.3525313138961792
canteen,645,18,Бәрі жақсы!,kz,pos,0.8306130766868591,general,0.7562170028686523
canteen,647,18,Разнобразие,ru,neg,0.7516762614250183,other,0.3050590753555298
canteen,651,18,"Приправа көп салады,изжога береді.кейде нан қатып қалған болады.қайнаған судан хлордың исі шығады.",kz,neg,0.697659969329834,water,0.6373752355575562
canteen,652,18,"Разнобразие чтобы было, качество блюд хромает",ru,neu,0.7738166451454163,taste,0.7149858474731445
canteen,653,18,Бәрі жақсы,kz,pos,0.5791054964065552,general,0.7782223224639893
canteen,654,18,Керемет,ru,neu,0.8287199139595032,other,0.30041074752807617
canteen,655,18,"Все супер, спасибо",ru,pos,0.9802806973457336,general,0.9024851322174072
canteen,656,18,Я бы предложил воду для чая поменять. Вода на вкус очень хлоромированая.,ru,neg,0.7514745593070984,water,0.7860709428787231
canteen,660,18,котлеты сырые,ru,neu,0.828590989112854,hygiene,0.42873692512512207
canteen,661,18,"Кампот,чай,хлорированный пить невозможно ,а всё остальное норм",ru,neg,0.7514939308166504,water,0.5715908408164978
canteen,662,18,"Питание однообразные, компот вода, мясо только курица, салат часто кислый",ru,neg,0.7515197992324829,taste,0.7480952739715576
canteen,664,18,Көбірек ет тағамдар болса,kz,neu,0.3806587755680084,taste,0.6854968667030334
canteen,668,18,TAV Super,ru,neu,0.8247480988502502,other,0.2505472004413605
canteen,670,18,Уделить особое внимание на чай и напитки,ru,neu,0.7033900618553162,water,0.5205028057098389
canteen,672,18,Компот вкус накипа,ru,neu,0.8291990756988525,taste,0.536255955696106
canteen,673,18,"Меня всё устраивает !
Благодарю, ВАС!",ru,neu,0.8247028589248657,general,0.8075653910636902
canteen,675,18,"Тамаққа томптты тым көп қосады ,кампот Су татиды .",kz,neu,0.5011216998100281,portions,0.41761356592178345
canteen,684,18,"Компот и чай часто пахнут хлоркой,  да так ,что практически пить невозможно!",ru,neg,0.7514817118644714,water,0.8389937877655029
canteen,686,18,Успехов и процветания!,ru,pos,0.9809437394142151,general,0.4646061062812805
canteen,688,18,"Хочется разнообразия. Манты , лагман , пельменей и беш",ru,neu,0.8033280968666077,menu,0.6488431692123413
canteen,691,18,Грязные столы,ru,neg,0.7515016794204712,hygiene,0.5360126495361328
canteen,693,18,Качество еды и разнообразие желает быть лучше,ru,neu,0.8284839391708374,menu,0.6676474809646606
canteen,694,18,"Чай, сок вкус хлорки, еда однообразная только курица, еда острая.",ru,neu,0.8212562799453735,taste,0.7210107445716858
canteen,698,18,В ночной смене после приема пищи всегда бывает изжога. А так в остальном все нормально,ru,pos,0.952793538570404,health,0.4029481112957001
canteen,701,18,"Дәмсіз, хлордың дәмі шығып тұрады, кампот іше алмайсың,",kz,neg,0.7463258504867554,water,0.5623584389686584
canteen,703,18,Все хорошо,ru,pos,0.9801375269889832,general,0.9017126560211182
canteen,704,18,Меню менять,ru,neu,0.8296830654144287,other,0.3315688967704773
canteen,706,18,Воняет хлоркой после еды изжога будет сложно переворит еду,ru,neu,0.6467685699462891,water,0.6207271814346313
canteen,707,18,Все норм,ru,pos,0.9582861661911011,general,0.5557442903518677
canteen,708,18,Хорошо.,ru,pos,0.9560633897781372,general,0.7955797910690308
canteen,711,18,"Еда однообразное, иногда очень соленая",ru,neg,0.7516478300094604,taste,0.7237564921379089
canteen,712,18,Всё в норме,ru,neu,0.7976226806640625,general,0.8629758358001709
canteen,715,18,Все устраивает,ru,neu,0.8252975940704346,general,0.7000669836997986
canteen,720,18,Не вкусно,ru,neu,0.796303391456604,portions,0.5324714183807373
canteen,721,18,Вкусно готовить не переводить продукты Каша и та водянистая,ru,neu,0.8299578428268433,portions,0.5466182231903076
canteen,724,18,Гигиена 0!,ru,neu,0.8072987794876099,hygiene,0.4946184754371643
canteen,725,18,"От компотов и чая сильный запах хлорки, пить не возможно",ru,neu,0.7113217115402222,water,0.8524268865585327
canteen,727,18,Разнобразить меню,ru,neu,0.8290612101554871,menu,0.7570672631263733
canteen,728,18,Одно и тоже каждый день дают!,ru,neu,0.6895167231559753,other,0.37571483850479126
canteen,729,18,Готовить вкусно Разнообразить меню,ru,pos,0.9331324696540833,menu,0.772724986076355
canteen,731,18,Каша часто горелая,ru,neg,0.7515343427658081,other,0.2652742862701416
canteen,732,18,Меню чуть изменить,ru,neu,0.8295624852180481,other,0.3226809799671173
canteen,736,18,Не вкусно после еды понос,ru,neu,0.8210844993591309,health,0.6670839786529541
canteen,740,18,Все норм,ru,pos,0.9582861661911011,general,0.5557442903518677
canteen,741,18,"Еда не всегда вкусная, после неё проблемы с пищеварением",ru,neu,0.8284487128257751,health,0.7098613977432251
canteen,742,18,Готовьте пожалуйста для людей,ru,neu,0.8297184705734253,general,0.4678558111190796
canteen,747,18,"Разнообразить , например плов, лагман.",ru,neu,0.8194778561592102,taste,0.4493924081325531
canteen,748,18,"Много приправы,много зелени.",ru,neu,0.8046144247055054,other,0.399311363697052
canteen,749,18,Не вкусно обед  и ужин одно и тоже  нет разнообразие,ru,neu,0.8251830339431763,portions,0.6584504842758179
canteen,751,18,Компот хлорка.Очень много приправ.В остальном все хорошо,ru,neg,0.7513038516044617,water,0.6713693737983704
canteen,753,18,"Компот хлорка, холодная. Очень много приправы.",ru,neg,0.7515186667442322,water,0.586737871170044
canteen,757,18,Пойдет,ru,neu,0.754398763179779,general,0.5103225708007812
canteen,758,18,"Разнообразие в меню,",ru,neu,0.8295926451683044,menu,0.7287445068359375
canteen,760,18,Надо добавить в меню блюда с зеленью,ru,neu,0.8295795321464539,menu,0.6806157827377319
canteen,768,18,Столовая не плохо мне нравиться,ru,pos,0.8234404921531677,general,0.47713807225227356
canteen,769,18,не вкусно и изжога постянная,ru,neu,0.8087923526763916,portions,0.5822897553443909
canteen,771,18,"Разнообразить меню, готовить не на количество, а на качество",ru,neu,0.8215911984443665,menu,0.7595698833465576
canteen,772,18,После прием пищи приходит изжога постоянно,ru,neg,0.751672089099884,health,0.5460354089736938
canteen,773,18,"Нет разнобразия когда поздно приходиш на обед,нет выбора блюд в меню",ru,neu,0.8040934205055237,portions,0.5687307119369507
canteen,778,18,"По больше овощи фрукты , рыбу   мясо. и порцию очень мало накладывают",ru,neu,0.8050004839897156,portions,0.6529995203018188
canteen,780,18,Все хорошо,ru,pos,0.9801375269889832,general,0.9017126560211182
canteen,782,18,"Нет возможности на вынос
По службе не успеваем",ru,neu,0.8288097977638245,queue,0.48834165930747986
canteen,785,18,"Однообразное меню, вода и компоты пахнут хлоркой",ru,neg,0.7515037655830383,water,0.8491636514663696
canteen,786,18,асханага бармаймын жабуды колдаймын,ru,neg,0.7515891790390015,other,0.3132524788379669
canteen,788,18,"Ыстық суда хлор мөлшері өте көп,кейде каша,кампот дәмінде сезіліп тұрады",kz,neg,0.47124701738357544,water,0.7215520739555359
canteen,789,18,После обеда у меня сразу ижога почему?,ru,neu,0.762845516204834,health,0.4823113679885864
canteen,790,18,Все хорошо,ru,pos,0.9801375269889832,general,0.9017126560211182
canteen,792,18,Майдың дәмі бар жеген соң ас қорцту нашар болып жүрек айнып құсқцм келеді кейінгі уақытта жемеймін,kz,neg,0.35152575373649597,other,0.3212723731994629
canteen,793,18,Очень довольны питанием,ru,pos,0.9811588525772095,taste,0.521506130695343
canteen,794,18,Тамаққа ақша көп ұстайды,kz,neg,0.4602433145046234,price,0.6360855102539062
canteen,798,18,Улучшение,ru,neg,0.751639187335968,other,0.361671507358551
canteen,800,18,Очень много зелени кладут везде,ru,neu,0.8265802264213562,other,0.34603333473205566
canteen,804,18,Все хорошо и вкусно.Поварам и персоналы спасибо!!!,ru,pos,0.9811031818389893,general,0.6441476345062256
canteen,805,18,Еда невкусная,ru,neu,0.8275461196899414,taste,0.7466596364974976
canteen,807,18,Время на обед,ru,neu,0.8258301019668579,taste,0.4693402051925659
canteen,808,18,Надо уделить внимание на дисерт последнее время ухудшается без разнообразия и не вкусно,ru,pos,0.9473970532417297,portions,0.5001726746559143
canteen,811,18,Отлично 5,ru,pos,0.9797226786613464,general,0.5878896713256836
canteen,812,18,Чай и компот не возможно пить вкус на кипи  чайники не моется,ru,neu,0.7829433679580688,water,0.6155345439910889
canteen,813,18,претензий нет,ru,pos,0.6960034966468811,other,0.1997699737548828
canteen,815,18,Мясо не всегда качественное,ru,neu,0.8255868554115295,taste,0.43623805046081543
canteen,816,18,Желательно по чаче менять меню,ru,neu,0.8298360109329224,menu,0.6918373107910156
canteen,817,18,все устраивает,ru,pos,0.9602885246276855,general,0.6993257403373718
canteen,818,18,Разнообоазить меню,ru,neg,0.7514805793762207,menu,0.7441537976264954
canteen,824,18,"Чай, компотта хлор көп , қыстың күні компоттары қатты суық .",kz,neu,0.48547324538230896,water,0.6882585883140564
canteen,830,18,"Алла амандык берсын, колдарынызга куат берсын! 🙏",ru,neg,0.7514343857765198,general,0.4703369736671448
canteen,836,18,"Улучшение сервиса, блюда сделанные свежими продуктами",ru,neu,0.8278689980506897,menu,0.6641190648078918
canteen,838,18,В меню практически нет рыбы,ru,neu,0.828557014465332,portions,0.5294241309165955
canteen,839,18,Внедрить больше овощей и фруктов,ru,neu,0.8271475434303284,menu,0.5796199440956116
canteen,841,18,"Иногда компот или каркаде, с сильным вкусом /запахом хлорки.",ru,neu,0.7871625423431396,water,0.6895792484283447
canteen,842,18,"Всё вкусная,спасибо",ru,pos,0.9769853353500366,general,0.7780565023422241
canteen,845,18,"Разнобразное меню, качественные продукты",ru,pos,0.9436717629432678,menu,0.8338639736175537
canteen,846,18,Кейде ашыган тамак болады. Особенно ночь смену,ru,neu,0.8177356719970703,hygiene,0.5839031934738159
canteen,847,18,"За последний месяц не посещаю столовую, так как еда однообразная",ru,neg,0.7484481334686279,portions,0.4989391565322876
canteen,852,18,Всё устрайвает,ru,pos,0.9697339534759521,hygiene,0.4178624153137207
canteen,853,18,Разнообразие блюд увеличить и чуть больше ложить.,ru,neu,0.8197338581085205,menu,0.7377277612686157
canteen,855,18,Не вкусно вообще,ru,neu,0.7462942004203796,portions,0.4783274531364441
canteen,857,18,"Поменять меню 
Еда с курицей много 
Нет разнообразия",ru,neu,0.8167737722396851,menu,0.6574411392211914
canteen,859,18,Все устрайвает но не вкусно готовят меню одно и тоже почти у нас половина терминала уже не ходят кушать,ru,pos,0.9543547034263611,queue,0.602902889251709
canteen,860,18,Всё хорошо,ru,pos,0.9807606935501099,general,0.8986831903457642
canteen,862,18,претензия нету,ru,neg,0.7511127591133118,portions,0.4885786175727844
canteen,866,18,Ассалаумалейкум. Тамакты Ман берип писирсе дамди гылып,ru,neu,0.8116593360900879,other,0.29009440541267395
canteen,869,18,Всё хорошо.,ru,pos,0.980436384677887,general,0.9059186577796936
canteen,870,18,"Спасибо очень вкусно, бывает конечно ноо редко, обслуживание очень хорошее приветливые.",ru,pos,0.9811020493507385,general,0.6150418519973755
canteen,875,18,Нормально готовить. И хлорки много,ru,neg,0.7516404986381531,water,0.48506665229797363
canteen,878,18,30 мин очередь кутумен кетеди,ru,neu,0.8252673149108887,other,0.36365219950675964
canteen,879,18,Барлық тамақтың дәмі бірди сияқты. Күнделікті сол бір тамақ өзгеріс жоқ. Томат өте көп қосады,kz,neu,0.5348016619682312,portions,0.6564520597457886
canteen,882,18,Приправа көп қосады,kz,neu,0.4850147068500519,portions,0.5148589611053467
canteen,883,18,"Слишком  много приправы и масла , хотелось бы разнообразить",ru,neu,0.8273488283157349,portions,0.5647456645965576
canteen,884,18,"Меню повторяется постоянно, еды не хватает, не чистоплотно, жирно , безвкусно!",ru,neg,0.7515847682952881,health,0.6164771914482117
canteen,885,18,"Меня всё устраивает, спасибо большое вам",ru,pos,0.9246476888656616,general,0.8142603039741516
canteen,886,18,Вода для компота должна быть хотя бы из проточного фильтра! Но ни какак не из под крана!,ru,neg,0.7514846324920654,water,0.5957000255584717
canteen,887,18,Порции по больше по второму блюду,ru,neu,0.8297879695892334,portions,0.7117748260498047
canteen,891,18,"Пожелание готовить восточные блюда,поменьше приправ.",ru,neu,0.8093801140785217,portions,0.5458937883377075
canteen,892,18,Одно и тоже постоянном,ru,neg,0.7513188123703003,other,0.3574818968772888
canteen,895,18,Отравление. Тараканы м мухи. В них. Много раз находили,ru,neg,0.7515745759010315,hygiene,0.4735136032104492
canteen,898,18,"Шеф повара поменяйте...и разнообразные порцы хотелось бы,а то одно и тоже едим.",ru,pos,0.9553593397140503,portions,0.5782835483551025
canteen,899,18,"Компот не возможно употреблять в пищу, еда однообразная, салаты иногда бывают испорченные",ru,neg,0.7515438795089722,taste,0.7046359777450562
canteen,901,18,"Так держать всё хорошо 
Если изменяться то только в лучшую сторону",ru,pos,0.6811968684196472,general,0.5599110126495361
canteen,903,18,Каждый день надо менять меню,ru,neu,0.8293903470039368,menu,0.5938148498535156
canteen,908,18,Добавить больше меню,ru,neu,0.8275222778320312,menu,0.6530750393867493
canteen,909,18,Спасибо что кормите нас,ru,pos,0.954279899597168,general,0.4979185461997986
canteen,910,18,Разнообразить питание,ru,neu,0.8290509581565857,menu,0.7125111818313599
canteen,914,18,"Первое блюдо добавить еще,",ru,neu,0.8284200429916382,portions,0.6805381178855896
canteen,918,18,Күнделікті сол бір тағамдар,kz,neu,0.48392313718795776,taste,0.6419436931610107
canteen,922,18,Все устраивают,ru,neg,0.7515084743499756,general,0.5536973476409912
canteen,923,18,"Күн сайын бір тамак беріледі 
Тунгі сіменде таңдау жок",kz,neu,0.6492535471916199,portions,0.600075900554657
canteen,927,18,Сотрудникам который не могут посещать столовой еду дают однообразно . После еды появляется изжога.,ru,neg,0.7515912652015686,portions,0.5850201845169067
canteen,928,18,Меню надо изменить,ru,neu,0.8297711610794067,other,0.27196595072746277
canteen,929,18,Ужасно кормят,ru,neg,0.7516066431999207,health,0.5479235649108887
canteen,931,18,Всё хорошо,ru,pos,0.9807606935501099,general,0.8986831903457642
canteen,935,18,Сменить поворов,ru,neu,0.8296545147895813,other,0.3027748167514801
canteen,942,18,Кампот хлор дәмі шығады қалғаны жақссы,kz,neu,0.800098717212677,water,0.6326571702957153
canteen,944,18,Всё отлично,ru,pos,0.9809096455574036,general,0.9099039435386658
canteen,947,18,Однотипно и не всегда вкусно,ru,neu,0.8154439926147461,portions,0.5517895221710205
canteen,948,18,Шайдын суы әрқашан қайнамаған және кружкалар жөндеп жуылмайды,kz,neg,0.4957564175128937,portions,0.4720692038536072
canteen,949,18,Улучшить меню,ru,pos,0.5694905519485474,menu,0.6436916589736938
canteen,950,18,Обедаю в 11.30. ужинаю в 23.00,ru,neu,0.806098997592926,general,0.44653481245040894
canteen,952,18,Разнообразие,ru,neu,0.8294923305511475,other,0.30279988050460815
canteen,954,18,Поменьше специй,ru,neu,0.8285064697265625,portions,0.5734570622444153
canteen,958,18,Нет вопросов,ru,neu,0.8245503306388855,general,0.49388834834098816
canteen,963,18,Нормально,ru,pos,0.6443888545036316,general,0.83306485414505
canteen,968,18,"Предлагаю в меню включить творог, кефир, чаще рыбу, свежие овощи, сметану , кисель",ru,neu,0.7524688839912415,menu,0.7735559940338135
canteen,971,18,Иногда одной тоже подает,ru,neu,0.8091927170753479,other,0.37147217988967896
canteen,974,18,Сменить воду хлорка чистая,ru,neg,0.751380443572998,water,0.7198336124420166
canteen,975,18,Можно меню разнообразить,ru,pos,0.7313685417175293,menu,0.7924991250038147
canteen,976,18,Еда часто одно и то же в начале открытия были разные блюда,ru,neu,0.8218966722488403,menu,0.651577353477478
canteen,979,18,"Я редко бываю в столовой, так как в еде очень много приправы из за этого у меня появляется проплема с желудком",ru,neg,0.7512470483779907,health,0.5835106372833252
canteen,981,18,В еду добавляют много томата и специй. После употребления появляется изжога,ru,neu,0.812546968460083,taste,0.6372553110122681
canteen,982,18,"Первые блюда и компот всегда отдают хлоркой, невозможно пить и есть первые блюда.",ru,neu,0.5031640529632568,water,0.5423694849014282
canteen,985,18,Разнообразить меню,ru,neu,0.8288647532463074,menu,0.7640552520751953
canteen,987,18,Немного по горячей еду.,ru,pos,0.5965384840965271,taste,0.6255052089691162
canteen,989,18,Все хорошо.Хотелось бы чтобы дожили поменьше специи,ru,pos,0.9572136402130127,general,0.6288357973098755
canteen,994,18,Всё нравится,ru,pos,0.9810468554496765,general,0.7593148946762085
canteen,996,18,Разнообразить меню,ru,neu,0.8288647532463074,menu,0.7640552520751953
canteen,997,18,Нам каждый макороны и рис и все,ru,neu,0.8285806179046631,taste,0.48818472027778625
canteen,998,18,Ас мәзірін өзгерту керек,kz,neu,0.4918208122253418,other,0.2786406874656677
canteen,999,18,Думаю сумму которую удерживают за питание у всех без исключения зделать выборочным так былобы лутше,ru,neu,0.829197108745575,price,0.7193762063980103
canteen,1001,18,болады,ru,neg,0.7516809105873108,general,0.5378154516220093
canteen,1004,18,Жаксартукерек ас мазирин,ru,neu,0.8273853659629822,other,0.3073507845401764
canteen,1009,18,Изжога после приема пищи,ru,neu,0.8285841345787048,portions,0.6042972803115845
canteen,1010,18,Немного улучшить качество еды . В вечернее время более лёгкую пищу. Ну и не хватает чистоты.,ru,neu,0.6176074743270874,taste,0.5884084701538086
canteen,1016,18,"После столовой Изжога
Пусть делают контроль качества пищи перед каждой подачей",ru,neu,0.8212157487869263,menu,0.6273230314254761
canteen,1027,18,Тамақтар салқындау.қалғаны жақсы.,kz,pos,0.664312481880188,general,0.5314681529998779
canteen,1028,18,"Бәрі жақсы,маған ұнайды",kz,pos,0.8818885684013367,general,0.7841503620147705
canteen,1030,18,Катлеттен ежога болады,ru,neu,0.8184023499488831,portions,0.44759443402290344
canteen,1032,18,"Все устраевает спасибо ,на вывоз нет посуды на компот",ru,pos,0.9805085062980652,general,0.6159988045692444
canteen,1034,18,Изжога после приёма пищи. Очень сильно вкус хлорки в компоте.,ru,neu,0.5109348893165588,water,0.6587063074111938
canteen,1035,18,Меню надо менять,ru,neu,0.8299376964569092,other,0.2674068808555603
canteen,1038,18,"Сталкивались с грязными приборами часто, волосы в еде и . ..",ru,neu,0.8234233260154724,hygiene,0.653457522392273
canteen,1043,18,"Доставляется еда со столовой, не всегда качественная",ru,neu,0.8290093541145325,portions,0.7145289778709412
canteen,1044,18,Бәрі жақсы.,kz,pos,0.7798168063163757,general,0.8196377158164978
canteen,1045,18,"Соблюдать санитарную чистоту. После приема пищи у меня всегда изжога, расстройство ЖКТ",ru,neg,0.7514762878417969,health,0.700646698474884
canteen,1046,18,Бәрі жақсы,kz,pos,0.5791054964065552,general,0.7782223224639893
canteen,1048,18,Тамақ мәзірі әрқашанда бірдей және кейбір тамақтар дәмсіз.,kz,neu,0.47271472215652466,portions,0.5427109003067017
canteen,1050,18,Все норм,ru,pos,0.9582861661911011,general,0.5557442903518677
canteen,1051,18,"Пюре добавьте в гарнир, фрукты",ru,neu,0.8276022672653198,menu,0.529522716999054
canteen,1052,18,Сделать еще вкуснее,ru,neu,0.8301637768745422,portions,0.5793273448944092
canteen,1053,18,Иногда шай или компот хлоров много,ru,neu,0.8287831544876099,water,0.6943352222442627
canteen,1057,18,Изжога после еды и компот привкус отдает хлоркой..,ru,neu,0.7716894149780273,water,0.6928143501281738
canteen,1058,18,Разнообразие меню,ru,neu,0.8292670845985413,menu,0.7579118609428406
canteen,1059,18,Разнообразить меню,ru,neu,0.8288647532463074,menu,0.7640552520751953
canteen,1060,18,Пельмени,ru,neu,0.8255031704902649,other,0.27425503730773926
canteen,1062,18,Хотелось бы разнообразие а то одно и тоже и порции чтоб чуть больше а так все вкусно все норм,ru,pos,0.9683743715286255,menu,0.639612078666687
canteen,1064,18,Все хорошо персонал приятный еда вкусная,ru,pos,0.9774208664894104,menu,0.517566442489624
canteen,1068,18,"Добрый день,еда жирная,не  вкусная,однообразная.Чай ,компот всегда пахнет хлоркой.",ru,neg,0.7515000700950623,water,0.6404832601547241
canteen,1072,18,Поменять меню Улучшить качество,ru,neu,0.6744137406349182,menu,0.6406494975090027
canteen,1074,18,Холодная пища,ru,neu,0.8241148591041565,taste,0.6156104803085327
canteen,1077,18,Барі дұрыс,kz,pos,0.424386203289032,general,0.6106383800506592
canteen,1083,18,"Вчера привезли мне рыбу, рыба была на половину нечишена",ru,neg,0.7514726519584656,other,0.3735962212085724
canteen,1085,18,Средний,ru,neg,0.7508976459503174,other,0.33796894550323486
canteen,1087,18,Горячие меню казакская кухня,ru,neu,0.8290185332298279,taste,0.6173009276390076
canteen,1091,18,Надо поменять повора и нехвотае ни чего в конце идешь ничего нет,ru,neg,0.7514758706092834,general,0.4221012592315674
canteen,1092,18,Улучшать разнообразие блюд,ru,neu,0.8223798871040344,menu,0.7901909947395325
canteen,1096,18,Су қайнамаған өшіріп тастайды  ижога томат көп қосады,kz,neg,0.552365779876709,portions,0.493754506111145
canteen,1105,18,"У многих рабочих был изжога,и еда одной тоже постоянно",ru,pos,0.6591510772705078,queue,0.4948144853115082
canteen,1107,18,Можно меню разнообразить.,ru,pos,0.6397062540054321,menu,0.783385157585144
canteen,1109,18,Пепесмотреть меню,ru,neg,0.7514985203742981,menu,0.646512508392334
canteen,1110,18,Компоттан хлордың иісі шығып тұрады. Чайдан накип. Тамақта приправа көп,kz,neg,0.47251325845718384,water,0.6638959050178528
canteen,1111,18,"Шәйға қайнатылатын судан хлордың дәмі 
Кампот- каркаде да хлодың дәмі шығады",kz,neu,0.5179627537727356,water,0.7091259956359863
canteen,1113,18,"Астана ашылгалы тамактары дамсиз, кампотт вообще",ru,neu,0.7469684481620789,other,0.362484872341156
canteen,1118,18,Несколько раз было что после обеда изжога очень сильная,ru,pos,0.9538800120353699,taste,0.4732316732406616
canteen,1119,18,Көбіне тауық еті алдында нандар көгеріп кеткен,kz,neg,0.4534927010536194,portions,0.4247804880142212
canteen,1121,18,"Не готовить жирно , есть трещины тарелки надо поменять",ru,neu,0.8301281929016113,portions,0.6850494146347046
canteen,1124,18,Тамақтан кейін изжога болады көбінде. Сондықтан кейбір әріптестер асханаға бармайды,kz,neg,0.606468915939331,portions,0.4813603162765503
canteen,1128,18,"Дисертке жемістерді көбейтсе,  өйткені негізінен жемістер басында бітіп қалады",kz,neg,0.5025771260261536,other,0.3674996495246887
canteen,1132,18,В общем нормально,ru,pos,0.6056822538375854,general,0.8293890953063965
canteen,1134,18,Кармите лучше,ru,neg,0.7513575553894043,general,0.42577311396598816
canteen,1137,18,Питание должно быть лучше,ru,neu,0.8253651857376099,menu,0.5819638967514038
canteen,1138,18,Тока кипячения воняет хлоркай по приема чая изжога,ru,neu,0.8218140602111816,water,0.6972553133964539
canteen,1139,18,Добавлять по меньше специи,ru,neu,0.829755961894989,portions,0.569593608379364
canteen,1140,18,Всё очень вкусно и сытно,ru,pos,0.9807042479515076,taste,0.6460742950439453
canteen,1142,18,"Не вкусно, как попало готовят еду. Всегда одно и тоже",ru,neu,0.8123420476913452,portions,0.58882737159729
canteen,1144,18,Все устраивает,ru,neu,0.8252975940704346,general,0.7000669836997986
canteen,1149,18,Вообще нет разнообразии,ru,neu,0.8267212510108948,other,0.21236908435821533
canteen,1150,18,По объектам слабое  разнообразия пищи,ru,neu,0.8287521004676819,taste,0.6986168026924133
canteen,1151,18,Очередь большая,ru,neu,0.7897260189056396,general,0.40157637000083923
canteen,1152,18,"Больше разнообразить меню,добавить рыбу и  фрукты",ru,pos,0.680335283279419,menu,0.8034076690673828
canteen,1153,18,Все устраивает,ru,neu,0.8252975940704346,general,0.7000669836997986
canteen,1157,18,"Тамақ дәмсіз,кампот су татиды хлорка",kz,neg,0.6394926309585571,water,0.7362926006317139
canteen,1158,18,"Котлет, мясо и.т подлива мало",ru,neu,0.7405532002449036,portions,0.6528439521789551
canteen,1160,18,Мәзірді өзгертіптұрса өте жақсы болар еді....,kz,pos,0.483683317899704,general,0.4739863872528076
canteen,1163,18,После 13.00 нечего не остаётся из еды,ru,neg,0.7512940764427185,portions,0.5781031847000122
canteen,1165,18,После обеда изжога появляется,ru,pos,0.6415321230888367,portions,0.48866981267929077
canteen,1166,18,Разнобразия меню и качество на вынос,ru,neu,0.7927318811416626,menu,0.7241060733795166
canteen,1167,18,Побольше Морских  продуктов хотелось бы,ru,neu,0.8293855786323547,portions,0.5490379333496094
canteen,1175,18,"Не питаюсь в столовой, так как постоянно попадаются в еде мухи,тараканы личинки и т д",ru,neg,0.7512642741203308,hygiene,0.4887268543243408
canteen,1176,18,"Улучшить меню, свежие продукты, готовить в день в день",ru,neu,0.5383592247962952,menu,0.7497406601905823
canteen,1177,18,Обработку нам привозить не кусный .выбор нету .что отправил нам  эту кушем,ru,neu,0.819829523563385,portions,0.45547032356262207
canteen,1178,18,Спасибо,ru,pos,0.9623023271560669,general,0.7079015970230103
canteen,1182,18,"Разнообразить меню, увеличить порции.",ru,neu,0.8206403851509094,menu,0.7620840668678284
canteen,1183,18,Аспазшылар өте дәмді тағамдар ұсынады. Рахмет,kz,pos,0.5046939849853516,price,0.522193431854248
canteen,1187,18,Постоянно дает рис макароны и котлеты,ru,neu,0.8296370506286621,taste,0.4664427638053894
canteen,1192,18,Порси побольшебы,ru,neu,0.8259218335151672,portions,0.5014375448226929
canteen,1195,18,Менюди озгертсе кунделикти бир тамак кайталай береди,ru,neu,0.7920364141464233,portions,0.5356391668319702
canteen,1197,18,Вкусно но нет разнообразии,ru,pos,0.5951100587844849,taste,0.5918941497802734
canteen,1198,18,Редко бывает разнообразие,ru,pos,0.6834030747413635,other,0.29700616002082825
canteen,1199,18,Плохо моют полы .,ru,neg,0.7515705227851868,hygiene,0.5088956952095032
canteen,1201,18,Отлично,ru,pos,0.9649509191513062,general,0.78003990650177
canteen,1206,18,Менять меню для вывоза,ru,neg,0.7511976361274719,menu,0.594727098941803
canteen,1207,18,Отличный столовая супер,ru,pos,0.9779637455940247,general,0.4515710771083832
canteen,1208,18,"Тщательно проверять сотрудников столовой,на прохождение мед обследование",ru,pos,0.5417908430099487,other,0.3539774715900421
canteen,1213,18,Надо несколько меню добавить,ru,neg,0.7516335248947144,menu,0.6833388805389404
canteen,1214,18,Нет разнообразия в десертах,ru,neu,0.828758716583252,portions,0.48322585225105286
canteen,1216,18,Нормально,ru,pos,0.6443888545036316,general,0.83306485414505
canteen,1217,18,Пока нет.,ru,neg,0.7514854669570923,other,0.28372976183891296
canteen,1219,18,Меню  одно и тоже,ru,neu,0.8284966349601746,general,0.48563152551651
canteen,1220,18,Разнообразить еду,ru,neu,0.8287087082862854,menu,0.7906570434570312
canteen,1221,18,Меню одно и тоже,ru,neu,0.8284966349601746,general,0.48563152551651
canteen,1226,18,"Здравствуйте! Не помешало бы меньше сахара добавлять в напитки ( компот ),",ru,neu,0.6460492014884949,general,0.5067535638809204
canteen,1229,18,"Мәзıр аз, кунде айналып келе береді",kz,neu,0.4266664385795593,portions,0.40979525446891785
canteen,1230,18,Стоило бы разнообразить питание,ru,neu,0.8253329992294312,menu,0.7347103953361511
canteen,1231,18,"Если придёшь позже ассортимента нет,",ru,neg,0.751465380191803,portions,0.5230115652084351
canteen,1232,18,ПОКА ВСЕ ХОРОШО,ru,neu,0.8293853998184204,general,0.708652675151825
canteen,1237,18,хАрАшоо,ru,pos,0.614743709564209,other,0.31989628076553345
canteen,1239,18,Порциясы көбірек болса,kz,neu,0.6358726620674133,portions,0.5743978023529053
canteen,1244,18,"Приправасы көп,шай мен компоттың хлоры көп",kz,neg,0.46969395875930786,water,0.6367144584655762
canteen,1245,18,Внести разнообразий в меню.,ru,neu,0.8279673457145691,menu,0.7719943523406982
canteen,1246,18,Более качественная пища. Быстрое обслуживание.,ru,neu,0.8140732645988464,menu,0.632329523563385
canteen,1247,18,"Ия,тамақтары  дәмді",kz,neu,0.3565814793109894,portions,0.516228437423706
canteen,1248,18,Мало рыбы,ru,neu,0.8277421593666077,portions,0.5202938914299011
canteen,1251,18,Все очень хорошо,ru,pos,0.9713678956031799,general,0.896298885345459
canteen,1252,18,Нақты ұсынысым жоқ,kz,neg,0.5278818011283875,portions,0.45480307936668396
canteen,1254,18,"Там надо проводит санитарный день ,",ru,pos,0.6518229246139526,hygiene,0.4560350477695465
canteen,1255,18,Тамақтың приправасы көп бұрышы көп ашты Суып қалады суп әртүрлі болса қайталана береді,kz,neu,0.5104211568832397,portions,0.5771969556808472
canteen,1257,18,"Отсутствует контроль за гигиеной, еда всегда холодная.",ru,neu,0.7134197354316711,health,0.43586939573287964
canteen,1258,18,Ыдыстың тазалығын қадағаласа,kz,pos,0.40600281953811646,other,0.39123672246932983
canteen,1265,18,"От первой блоды у меня изжога, по сровнению первыми месецами изменилось качества питании,",ru,pos,0.9514288306236267,health,0.5074443817138672
canteen,1268,18,Изжога постоянно,ru,neg,0.7516504526138306,other,0.3198370337486267
canteen,1269,18,Өте дәмді керемет,kz,pos,0.8438753485679626,general,0.5177997946739197
canteen,1270,18,Меня всё устраивает,ru,neg,0.7515219449996948,general,0.7046229839324951
canteen,1271,18,Разнообразие меню увеличить,ru,neu,0.8294748663902283,menu,0.7644443511962891
canteen,1273,18,"Очередь большая,были моменты когда находили таракана и сүзу.",kz,neu,0.5394006371498108,hygiene,0.4946171045303345
canteen,1275,18,Отлично,ru,pos,0.9649509191513062,general,0.78003990650177
canteen,1278,18,Разнообразия,ru,neu,0.828853964805603,other,0.2999345660209656
canteen,1280,18,"Компот плохой часто разбавлен,может болеть живот!",ru,neg,0.7515745759010315,health,0.6201798915863037
canteen,1282,18,"Не вкусно, не пользуюсь столовой 2-3 месяца",ru,neu,0.8218423128128052,portions,0.47920137643814087
canteen,1285,18,Спасибо большое!,ru,pos,0.9795880317687988,general,0.5720329284667969
canteen,1286,18,"Шайға,кампотқа қосатын су нашар(хлорлдың дәмі шығады)",kz,neg,0.4552481472492218,other,0.38106417655944824
canteen,1293,18,"Не хватает разнообразие блюд, и у каши с чаем очень чувствуется вкус хлора",ru,neu,0.810631275177002,water,0.7341265678405762
canteen,1296,18,Поменять бы воду на чай. Вода очень хлоремированная,ru,neg,0.751565158367157,water,0.6952680349349976
canteen,1298,18,"После изжога, специи очень много добавляют, компот или каркаде голимая вода",ru,neu,0.8182063102722168,water,0.5871032476425171
canteen,1302,18,Тағамдарды өзгерту керек,kz,neg,0.4999943971633911,other,0.3368544578552246
canteen,1303,18,Ас мәзірін өзгертсе,kz,neu,0.8214412927627563,other,0.24372757971286774
canteen,1305,18,Отлично,ru,pos,0.9649509191513062,general,0.78003990650177
canteen,1306,18,Терпимо,ru,neu,0.8264688849449158,other,0.3226555287837982
canteen,1307,18,Иногда отсутствует мыло,ru,neu,0.7537505030632019,hygiene,0.45166686177253723
canteen,1317,18,"Компот не кипеченный после не живот болейт.
Чай хлоркой",ru,neg,0.7514860033988953,water,0.5666390657424927
canteen,1318,18,Без коментариев,ru,neu,0.8296290040016174,general,0.4694795310497284
canteen,1319,18,Пересмотрите десерт,ru,neu,0.8296355605125427,portions,0.43217989802360535
canteen,1321,18,Всегда одное тоже,ru,neu,0.8271270394325256,other,0.3105744421482086
canteen,1322,18,Меню всегда повторяться,ru,neu,0.7657132744789124,other,0.2877662479877472
canteen,1323,18,Одно образное питание часто,ru,neu,0.8263397812843323,menu,0.6399574875831604
canteen,1326,18,За разнообразие .,ru,pos,0.9121003746986389,other,0.38773757219314575
canteen,1328,18,Ас мәзіріне басқа да тағам түрлерін қосу керек!,kz,neu,0.562177836894989,portions,0.588259756565094
canteen,1329,18,Ас мәзіріне басқа тамақ түрлерін қосу керек!,kz,neu,0.5234360694885254,portions,0.5787594318389893
canteen,1330,18,Компот и чай пахнут хлоркой- часто.,ru,neu,0.8191015124320984,water,0.8513096570968628
canteen,1332,18,Вкусно все,ru,pos,0.7739777565002441,general,0.7020466327667236
canteen,1335,18,Өте тамаша,kz,neg,0.42920589447021484,general,0.5993859767913818
canteen,1336,18,"Менюды ауыстырса екен.
Чай тоже дәмі жаман",kz,neu,0.3769643008708954,other,0.3775153160095215
canteen,1337,18,Недостачно горячий воды,ru,neg,0.7510883212089539,water,0.5027903914451599
canteen,1338,18,Нет разнобразия,ru,neu,0.8264889121055603,general,0.46187901496887207
canteen,1340,18,Невозможно пить компот  очень сильно хлоркой отдает .,ru,neu,0.5420265793800354,water,0.6746155619621277
canteen,1341,18,Предложение нет,ru,neg,0.7514593601226807,other,0.3415969908237457
canteen,1344,18,Кипяток чай кадагаласа дурыс болар еди.,ru,neg,0.7516420483589172,water,0.5195546746253967
canteen,1346,18,"Чай ,компот с запахом хлора",ru,neu,0.8294256925582886,water,0.8430767059326172
canteen,1348,18,Срок откен тагамдарды береди особа ночька  и ночьта дискотека,ru,neu,0.8210099935531616,other,0.30888259410858154
canteen,1349,18,Өте дәмді тамақтар!,kz,pos,0.8304994106292725,general,0.5538034439086914
canteen,1352,18,"Изжога после еды, вода сильно хлорированная",ru,neg,0.7516486048698425,water,0.7237958312034607
canteen,1353,18,Первое погорячее,ru,neu,0.8271399140357971,other,0.28485217690467834
canteen,1355,18,"Готовить на хорошей воде, без хлорки",ru,pos,0.6325787901878357,water,0.7211074233055115
canteen,1359,18,Одно и тоже поменяйте меню,ru,neu,0.8289836049079895,menu,0.6160311102867126
canteen,1360,18,Вкусно готовить,ru,neu,0.8292985558509827,taste,0.5415059924125671
canteen,1371,18,Су чай ішсең хлордың дәмі бар и компот каркаделерінің дәмі жоқ қалған тағамдары жақсы,kz,neu,0.4829600751399994,water,0.7603893280029297
canteen,1372,18,Я  довольна,ru,pos,0.9801843762397766,general,0.7144144773483276
canteen,1373,18,"Изжога , пообедать",ru,neu,0.823226273059845,taste,0.5485255718231201
canteen,1374,18,"Чай и напитки есть  вкус хлорки,перебор специй",ru,neu,0.8290847539901733,water,0.7694936394691467
canteen,1375,18,Видно и тоже,ru,neu,0.8110304474830627,general,0.4906598925590515
canteen,1378,18,"Кейде шикі тамақ , кипитоқ  суық",kz,pos,0.38493475317955017,taste,0.6786511540412903
canteen,1380,18,"Разнообразие в меню , так же иногда бывает вообще безвкусно и остается порция не тронута не сьедена!",ru,neg,0.7515796422958374,taste,0.6265240907669067
canteen,1383,18,Мало рыбы,ru,neu,0.8277421593666077,portions,0.5202938914299011
canteen,1384,18,Увеличить продолжительност с 11 30 до 14.30. Разнообразить меню. К 14.00 нет выбора все кончается.,ru,neg,0.7514888048171997,queue,0.41800162196159363
canteen,1386,18,"Холодная пища,не всегда хватает ,если придёшь в 13:00 ассортимента нет",ru,neg,0.7515465617179871,portions,0.6425209045410156
canteen,1389,18,"Меню всегда одноитоже ,салаты всегда заправлено маионезом .",ru,neu,0.8023057579994202,other,0.15208235383033752
canteen,1390,18,Еде много приправый,ru,neu,0.8180936574935913,taste,0.7186132669448853
canteen,1391,18,Рыба.Овощи.Мясо,ru,neu,0.8028122186660767,taste,0.528449296951294
canteen,1392,18,"Однообразный вкус еды,",ru,neu,0.8209348917007446,taste,0.7289080619812012
canteen,1393,18,Рыба овощи,ru,neg,0.7515047192573547,taste,0.44677305221557617
canteen,1395,18,Я не обещаю в сталовай,ru,neu,0.8291959166526794,other,0.3000005781650543
canteen,1396,18,"Чай сильно хлорировано
А так нормально",ru,neg,0.7516605257987976,water,0.716647744178772
canteen,1397,18,Рыбу побольше,ru,pos,0.6413298845291138,other,0.35035961866378784
canteen,1398,18,По больше рыбы,ru,neu,0.6311176419258118,portions,0.47878557443618774
canteen,1400,18,Чай да компотта хлоры коп,ru,neg,0.7516037821769714,water,0.7607181072235107
canteen,1402,18,"Не знаю как другим, столовая отличная, все вкусное, но иногда салаты застоявшийся это опасно, в целом блюда 10/10",ru,pos,0.9794121384620667,taste,0.6800795793533325
canteen,1411,18,Однообразное меню,ru,neg,0.4793884754180908,menu,0.7251877784729004
canteen,1414,18,Халал сертификат болса жақсы болар еді,kz,neu,0.39481672644615173,general,0.5048316121101379
canteen,1418,18,Все супер,ru,pos,0.9808324575424194,general,0.8238204717636108
canteen,1419,18,Хорошо 👍,ru,pos,0.9755188822746277,general,0.7900573015213013
canteen,1420,18,"Шай, компот хлор татиды постоянно 
меню кайталана береде.",ru,neg,0.7509811520576477,water,0.6574443578720093
canteen,1421,18,Кипяток Кампот хлор,ru,neu,0.8171696066856384,water,0.6780137419700623
canteen,1422,18,Ежога желудка,ru,pos,0.6104409098625183,health,0.5085203647613525
canteen,1424,18,"Гарнир порциясын аз береді, десертте разнообразия жоқ.",kz,neg,0.5791276097297668,portions,0.5063433051109314
canteen,1425,18,Айран берсе компот тың орнына,kz,neu,0.46220654249191284,portions,0.46737349033355713
canteen,1427,18,Порция аз,ru,neu,0.8274061679840088,general,0.4150286018848419
canteen,1431,18,Всё супер спасибо вам,ru,pos,0.981056272983551,general,0.7471423745155334
canteen,1432,18,Все хорошо,ru,pos,0.9801375269889832,general,0.9017126560211182
canteen,1433,18,Рыбу почаще,ru,neu,0.8294117450714111,other,0.3360768258571625
canteen,1434,18,нет предлржении,ru,neu,0.8249968886375427,general,0.5270509719848633
canteen,1435,18,Все очень классно и вкусно!,ru,pos,0.9812090992927551,general,0.6137199401855469
canteen,1436,18,Качество пищи оставляет желать лучшего.,ru,neu,0.8269459009170532,taste,0.6183004379272461
canteen,1438,18,ВСЁ  ОТЛИЧНО .ОГРОМНОЕ СПАСИБО РУКОВОДСТВУ АЭРОПОРТА И  ПЕРСОНАЛУ ОБЩЕПИТА.,ru,neg,0.7515245079994202,general,0.5642099380493164
canteen,1439,18,Все хорошо,ru,pos,0.9801375269889832,general,0.9017126560211182
canteen,1440,18,"Отзыв хороший,предложений нет",ru,pos,0.9726965427398682,general,0.45111387968063354
canteen,1442,18,Воздержусь,ru,neg,0.7515941262245178,general,0.5005747675895691
transport,1,15,спмриоть,ru,neu,0.8196613192558289,pickup,0.44213488698005676
transport,2,15,мриотль,ru,neu,0.8264389038085938,other,0.3299032747745514
transport,3,15,ЫВЦУАЕКПРНОГ,ru,neu,0.826116681098938,other,0.3905978798866272
transport,4,15,УВАКПЕРНОЛ,ru,neu,0.8170530200004578,other,0.37708207964897156
transport,7,15,dsfghj,ru,neg,0.7515947818756104,other,0.30595147609710693
transport,9,15,aidananaaa,ru,neu,0.7928690910339355,other,0.21078677475452423
transport,11,15,ответмой,ru,neg,0.7515549063682556,other,0.36423203349113464
transport,12,15,ответттттт,ru,neu,0.8299563527107239,other,0.37840133905410767
transport,19,15,"просьба строго следовать по времени, никого не ждать на остановках.",ru,neu,0.8276841640472412,schedule,0.47037410736083984
transport,30,15,"До станции метро не хватает мест, 10-15 человек обычно стоит",ru,neu,0.8200167417526245,capacity,0.5659118294715881
transport,33,15,Не пользуюсь услугами развозки,ru,neu,0.82331383228302,other,0.3856284022331238
transport,36,15,Хоть одну развозку пустите по Гагарина или по Жарокова,ru,neg,0.7515695691108704,other,0.369711697101593
transport,38,15,Көңілім толады,kz,neg,0.5026851296424866,pickup,0.4634461998939514
transport,46,15,На 2м маршруте в 17.00 не хватает мест из-за того что многие едут до метро.,ru,neu,0.8165668845176697,capacity,0.5660130977630615
transport,47,15,"Место сбора с СГП, это удобно",ru,neu,0.8283251523971558,pickup,0.5190008282661438
transport,52,15,"Не хватает мест , не вмещаемся.",ru,neu,0.8188461661338806,capacity,0.5521818399429321
transport,53,15,14 маршрут Аэропорт Алатау тангы уақытта жүруін сураймыз,kz,neu,0.7278002500534058,routes,0.4729849696159363
transport,57,15,все хорошо лиж бы не ломались,ru,pos,0.9001754522323608,general,0.49580252170562744
transport,59,15,Нет места для ожидания развозки после работы,ru,neg,0.7513006925582886,punctuality,0.5724735260009766
transport,60,15,Все устраивает,ru,neu,0.8252975940704346,general,0.5765484571456909
transport,67,15,Все очень 👍,ru,pos,0.9463784694671631,general,0.629668653011322
transport,69,15,По больше маршрутов,ru,pos,0.6563519239425659,routes,0.7484705448150635
transport,70,15,Все отлично 🙏,ru,pos,0.9809249043464661,general,0.7890976667404175
transport,72,15,На личном транспорте.,ru,neu,0.82374507188797,capacity,0.4963536858558655
transport,73,15,Уақытында келмей қалады кейде мүлдем келмейді,kz,neu,0.49164995551109314,pickup,0.4699423313140869
transport,75,15,Я на 10 маршруте ездил дамой а щас водитель говорит иди на 13 маршруте я не хочу на 13 мне удобно 10 маршрут,ru,pos,0.49159133434295654,routes,0.591130256652832
transport,76,15,Тусінбедім,kz,neg,0.4036974310874939,other,0.3703662157058716
transport,80,15,Маршрут 10 нужна остановка на свх. Так как иногда не успеваем на конечную.,ru,neu,0.8311941027641296,routes,0.5663893818855286
transport,82,15,Не останавливают где просишь остановить,ru,neu,0.8288452625274658,pickup,0.48743683099746704
transport,84,15,Хотелось бы чтоб с центра Есика,ru,neu,0.8261414170265198,pickup,0.46622517704963684
transport,85,15,Все хорошо,ru,pos,0.9801375269889832,general,0.8084592819213867
transport,88,15,Алатау трассаға развохка қарастырылса,kz,neu,0.591413140296936,routes,0.5449535846710205
transport,92,15,"Все хорошо, нет претензий",ru,pos,0.978611171245575,general,0.8256189823150635
transport,93,15,После смены развозка что бы стояла возле гаражей а то холодно ждать автобус в зиму,ru,neg,0.7516714334487915,punctuality,0.7278221845626831
transport,101,15,хороший водитель,ru,pos,0.9808685779571533,drivers,0.7355366945266724
transport,104,15,Прошу продлить до саялы или до конца улицы саина так как с бурундай ехать тяжело,ru,neu,0.8185604810714722,routes,0.5162854194641113
transport,107,15,Место сборки . Мы ждем после смены 30 мин автобуса это нас не устраивают,ru,neg,0.751252293586731,punctuality,0.7378120422363281
transport,115,15,Все нормально,ru,pos,0.8597316741943359,general,0.8051338195800781
transport,119,15,Всё отлично,ru,pos,0.9809096455574036,general,0.7965304851531982
transport,121,15,У нас отличные водители и автобус.,ru,pos,0.9794003367424011,capacity,0.483690083026886
transport,122,15,Посадку в Алексеевке добавить остановку Больничный,ru,neu,0.8284828066825867,pickup,0.44015204906463623
transport,123,15,Кешке кеш келеди,ru,neu,0.8271481394767761,pickup,0.5322237014770508
transport,131,15,Всё замечательно,ru,pos,0.9809608459472656,general,0.6777657270431519
transport,132,15,Безопасность. Пунктуальность. Достаточность мечт,ru,neu,0.8077841401100159,drivers,0.4099756181240082
transport,137,15,Пунктуальность,ru,neu,0.8294318318367004,other,0.382014662027359
transport,138,15,Холодно. Летом и осенью. Балеем,ru,pos,0.461441308259964,punctuality,0.4724312722682953
transport,140,15,На разбор не успеваем опаздываем,ru,neu,0.829297661781311,schedule,0.6583112478256226
transport,153,15,Из за Жапек батыра мы долго стоим на пробке,ru,neu,0.7959102988243103,routes,0.5537137985229492
transport,156,15,"Новый автобус чтоб дали на 2 маршрут  комфортный , а то постоянно меняют то на 10 едем",ru,neu,0.805250346660614,capacity,0.6656275987625122
transport,164,15,Не пользуюсь данной услугой,ru,neu,0.4961317181587219,other,0.3724313974380493
transport,165,15,Очень часто автобус снимают с маршрута,ru,neu,0.8277426958084106,capacity,0.7533317804336548
transport,169,15,Все хорошо,ru,pos,0.9801375269889832,general,0.8084592819213867
transport,173,15,Я не пользуюсь автобусом и не могу оценить.,ru,neu,0.817836344242096,capacity,0.5421032905578613
transport,184,15,По Алатауской трассе пос Туздыбастау бедет маршрут ?,ru,neu,0.8205145001411438,routes,0.5274830460548401
transport,185,15,Устраивает,ru,neu,0.7601621150970459,general,0.5082474946975708
transport,186,15,Жапек Батыр откройте разводку пожалуйста,ru,neu,0.8167256712913513,other,0.38813504576683044
transport,193,15,Свой транспорт.,ru,neg,0.7516525387763977,pickup,0.48733729124069214
transport,194,15,Свой транспорт,ru,neg,0.7516576051712036,capacity,0.5080690383911133
transport,200,15,Но коммент,ru,neg,0.7477514147758484,other,0.36038029193878174
transport,205,15,Транспорт үшін рахмет,kz,pos,0.6359612345695496,routes,0.5735443830490112
transport,206,15,Рано выезжает,ru,neu,0.8271526098251343,punctuality,0.6765000820159912
transport,219,15,По больше маршрутов. В сторону мкр  Альмерек) не помешало бы,ru,pos,0.9906821250915527,routes,0.6810279488563538
transport,222,15,У меня свое транспорт,ru,neg,0.7516819834709167,general,0.5092922449111938
transport,224,15,Чтобы не опаздывали автобусы,ru,neu,0.8263005614280701,capacity,0.7091348171234131
transport,236,15,Все нормально,ru,pos,0.8597316741943359,general,0.8051338195800781
transport,239,15,комфортно,ru,pos,0.8447291254997253,general,0.5141213536262512
transport,241,15,Мне все нравится,ru,pos,0.9747785329818726,general,0.4907113313674927
transport,242,15,"Есік Талғар Думан бағытында развозка көп 
Қалқаман қаскелең бағытында аз",kz,neu,0.8196818828582764,pickup,0.5053333044052124
transport,245,15,После смены холодно ждать автобус до 20:30. Сделайте поблизости место сбора автобусов.,ru,neu,0.8283190131187439,punctuality,0.7641562223434448
transport,248,15,Мне   все   нравится,ru,pos,0.9747785329818726,general,0.4907113313674927
transport,253,15,"смена заканчивается в 7:50 , автобус уезжает только в 8:30 , долго стоять ждать , холодно",ru,neg,0.7515192627906799,punctuality,0.8237734436988831
transport,257,15,Закупите новые автобусы! Вечно ломаются!,ru,neu,0.8294084668159485,capacity,0.7099686861038208
transport,259,15,Своя машина,ru,neg,0.7516686916351318,drivers,0.5189779996871948
transport,274,15,Все устраивает,ru,neu,0.8252975940704346,general,0.5765484571456909
transport,275,15,Өз уақытында келгені,kz,neu,0.6088023781776428,schedule,0.5288634896278381
transport,279,15,Приезжать во время по времени,ru,neg,0.7516229152679443,schedule,0.6815981864929199
transport,280,15,Я своим ходом,ru,pos,0.703106701374054,general,0.4900197982788086
transport,281,15,Не пользуюсь,ru,neu,0.8237802386283875,general,0.4677746891975403
transport,282,15,Всё устраивает,ru,pos,0.971724808216095,general,0.6636650562286377
transport,284,15,"Жаман емес! Әзірге тасымалдау көлігіне, жүргізушіге қояр талабым жоқ.",kz,neg,0.6161086559295654,drivers,0.5628021955490112
transport,285,15,Всё отлично,ru,pos,0.9809096455574036,general,0.7965304851531982
transport,290,15,Выражение благодарности Руководству ALA и водителям развозки.,ru,pos,0.9282292127609253,drivers,0.5667665004730225
transport,293,15,Не езжью,ru,neu,0.7795354723930359,general,0.5038126111030579
transport,296,15,9—маршрут пос жапек батыр продлить до улица Тулебаева зимой идти до развиязка,ru,neu,0.7694536447525024,other,0.3890150785446167
transport,297,15,"Место сбора далековато от терминала, а так все хорошо",ru,pos,0.9603754878044128,pickup,0.5915485620498657
transport,298,15,Дополнительная остоновка на СВХ,ru,neu,0.82887864112854,other,0.36319518089294434
transport,299,15,Чуть-чуть времени по смене не совпадает,ru,neu,0.6848953366279602,schedule,0.7267253398895264
transport,300,15,Всё отлично,ru,pos,0.9809096455574036,general,0.7965304851531982
transport,303,15,Не пользуюсь,ru,neu,0.8237802386283875,general,0.4677746891975403
transport,308,15,Все отлично,ru,pos,0.9808452129364014,general,0.8007181286811829
transport,310,15,было бы круто если место сбора был бы центр города,ru,neu,0.8212025761604309,other,0.3648923635482788
transport,311,15,Рахмет,ru,neg,0.7515041828155518,other,0.36416226625442505
transport,312,15,Все отлично!!!!,ru,pos,0.9806832075119019,general,0.7057899236679077
transport,315,15,Все отлично работает только по больше остоновок,ru,pos,0.9761171340942383,general,0.49232056736946106
transport,318,15,Обязательная остановка на СВХ,ru,neu,0.8282762765884399,pickup,0.6307381391525269
transport,319,15,Все отлично.,ru,pos,0.9806528091430664,general,0.7962772846221924
transport,320,15,Все отлично,ru,pos,0.9808452129364014,general,0.8007181286811829
transport,321,15,Всё устраивает,ru,pos,0.971724808216095,general,0.6636650562286377
transport,322,15,Бұданда жақсы болса деп ойламын,kz,pos,0.4132617115974426,general,0.4541133642196655
transport,325,15,7 й отлично,ru,pos,0.9093714356422424,general,0.5350949168205261
transport,328,15,Не удобство в том что водитель останавливается только на определенных остановках.,ru,neu,0.8290329575538635,drivers,0.5835217237472534
transport,329,15,Все устраивает,ru,neu,0.8252975940704346,general,0.5765484571456909
transport,330,15,Все хорошо,ru,pos,0.9801375269889832,general,0.8084592819213867
transport,331,15,Добавить маршрут до жетегена на пятидневку,ru,neu,0.8300406336784363,routes,0.5648188591003418
transport,332,15,Добавить маршрут до жетегена на пятидневку вечерний 17 ч,ru,neu,0.8179340362548828,schedule,0.5919670462608337
transport,333,15,Ездят много людей не работающих в других организациях не относящихся к аэропорту,ru,neu,0.8173019886016846,capacity,0.43413710594177246
transport,335,15,Вечером добераемся своим ходом до аэропорта по Сейфуллина по вечерам не забирают,ru,neu,0.7913947105407715,punctuality,0.5568259358406067
transport,338,15,Позднее отправление после смены,ru,neg,0.7515146732330322,schedule,0.718636155128479
transport,340,15,Все устраивает,ru,neu,0.8252975940704346,general,0.5765484571456909
transport,341,15,Өз көлік пен жүрем,kz,neu,0.5433224439620972,drivers,0.5634310245513916
transport,345,15,В мою сторону развозка не едет  Бурундай аэропорт,ru,neu,0.8276489973068237,punctuality,0.4872594177722931
transport,346,15,Нормально,ru,pos,0.6443888545036316,general,0.7650532722473145
transport,348,15,Добавить 11 маршрут  житеген 5 дневную 17ч,ru,neu,0.8296487331390381,routes,0.5607057809829712
transport,349,15,Все устраивает,ru,neu,0.8252975940704346,general,0.5765484571456909
transport,360,15,Обеспечьте водителей автобусов нормальным местом стоянки в аэропорту.,ru,neu,0.8247039318084717,capacity,0.6121288537979126
transport,363,15,Отлично,ru,pos,0.9649509191513062,general,0.6830763816833496
transport,371,15,Очень часто автобус снимают с маршрута.,ru,neu,0.8111806511878967,capacity,0.7086447477340698
transport,372,15,Остановку на СВХ,ru,neu,0.8070155382156372,pickup,0.4351609945297241
transport,373,15,Не пользуюсь,ru,neu,0.8237802386283875,general,0.4677746891975403
transport,378,15,Отлично,ru,pos,0.9649509191513062,general,0.6830763816833496
transport,379,15,Мен өз көлігі мен қатынаймын,kz,neu,0.4330974519252777,other,0.3128044903278351
transport,381,15,Спасибо водителю 5 маршрута очень замечательный водила☝️,ru,pos,0.9813164472579956,drivers,0.5830451250076294
transport,383,15,"Улучшить порковку на автобус, Вообще  нет места  на автобусь(порковка)",ru,neg,0.7516683340072632,capacity,0.8054143190383911
transport,384,15,Отлично,ru,pos,0.9649509191513062,general,0.6830763816833496
transport,385,15,Место сборки,ru,neu,0.8281142711639404,pickup,0.41690149903297424
transport,386,15,Отлично,ru,pos,0.9649509191513062,general,0.6830763816833496
transport,387,15,Время отъезда можно сделать раньше,ru,neg,0.7513583302497864,schedule,0.7474521398544312
transport,388,15,Все нормально,ru,pos,0.8597316741943359,general,0.8051338195800781
transport,389,15,Шағым жоқ,kz,neu,0.44810983538627625,general,0.5267204642295837
transport,391,15,Здравствуйте. До Водника нету развозки. Нас очень много. Прошу дать нам развозку,ru,neg,0.7515496015548706,general,0.5567327737808228
transport,393,15,не забирают в ночную смену по Сейфуллина,ru,neu,0.8055008053779602,punctuality,0.5198545455932617
transport,394,15,Отличьно спс,ru,pos,0.6267823576927185,pickup,0.44483762979507446
transport,397,15,Я не пользуюсь,ru,neu,0.8213134407997131,general,0.4230049252510071
transport,399,15,Редко ездию,ru,neg,0.7516165971755981,pickup,0.48652806878089905
transport,402,15,Керемет,ru,neu,0.8287199139595032,other,0.3511122465133667
transport,403,15,Надеюсь на улучшения,ru,neu,0.823777437210083,other,0.34127241373062134
transport,404,15,Маршрут жүргізушілерге мың алғыс айтамын!!!!,kz,pos,0.6141401529312134,drivers,0.5261458158493042
transport,406,15,Установить на маршруте GPS трекер для отслеживания в реальном времени,ru,neu,0.8285209536552429,routes,0.44003593921661377
transport,407,15,Просим решить проблему стоянки  служебных автобусов в аэропорту,ru,neu,0.8299336433410645,capacity,0.678303599357605
transport,409,15,Все устраивает,ru,neu,0.8252975940704346,general,0.5765484571456909
transport,411,15,Просим вернуть в ночную смену автобус через 1 Алмату. Так как раньше был этот маршрут.. приходится ездить за свой счёт.,ru,neg,0.7514631152153015,punctuality,0.6525536775588989
transport,412,15,Развозка проходит по Маршруту в День . В Ночную смену Развозка по этому Маршруту не ездить,ru,neu,0.7679778337478638,punctuality,0.5865455865859985
transport,413,15,"время разное на одной и той же остановки
маршрут 8 в утром едет по Сейфулина а в ночь по Суюнбая",ru,neg,0.7515959739685059,schedule,0.5658271312713623
transport,417,15,1-2 рет алмай өтіп кеткен,kz,neg,0.5354405045509338,punctuality,0.4067328870296478
transport,418,15,мкр Водникке болса маршрут,ru,neu,0.8297690749168396,pickup,0.5418809652328491
transport,419,15,Все устраивает,ru,neu,0.8252975940704346,general,0.5765484571456909
transport,421,15,Недостаточно места для стоянки автобуса,ru,neg,0.7510190010070801,capacity,0.8277848958969116
transport,424,15,Всё отлично,ru,pos,0.9809096455574036,general,0.7965304851531982
transport,426,15,Ешқандай ой жоқ,kz,neg,0.5125519037246704,other,0.38479894399642944
transport,430,15,"Всё устраивает, спасибо!",ru,pos,0.9803141355514526,general,0.829609215259552
transport,432,15,На вечернею смену смену вечно опаздывает хотелось бы чтобы приняли меры,ru,neg,0.7515048980712891,schedule,0.7792773842811584
transport,434,15,Хорошо,ru,pos,0.9549247622489929,general,0.6731588840484619
transport,439,15,Я не пользуюсь маршрутными автобусами так как имею свой транспорт,ru,neu,0.8298858404159546,capacity,0.495535671710968
transport,443,15,"Біздің үй жақтан өтпейді, қоғамдық маршрутпен келіп жүрмін, Саялы,Аркалык, Мәдениет косса дұрыс болар еді",kz,neu,0.472210168838501,routes,0.4859426021575928
transport,445,15,"Добрый день Желтоксан Гоголя сделайте пожалуйста остановку и Сейфуллина Гоголя.
2 смена",ru,neg,0.7515531182289124,general,0.4204132556915283
transport,446,15,Меня всё устраивает 🥰,ru,pos,0.9327760338783264,general,0.6222199201583862
transport,447,15,Меня все устраивает,ru,neg,0.7505865097045898,general,0.6075997352600098
transport,448,15,Комментарии по разводке,ru,neu,0.829613447189331,other,0.1307719200849533
transport,449,15,Все отлично все устраивает,ru,pos,0.9800617098808289,general,0.7521274089813232
transport,452,15,Недостаточно мест,ru,neu,0.8229144215583801,capacity,0.5788360238075256
transport,453,15,Все устраивает 🫶🏻,ru,pos,0.6825149059295654,general,0.5327549576759338
transport,455,15,"Меня всё устраивает 
Ничего менять не надо",ru,neu,0.8267765641212463,general,0.6845941543579102
transport,456,15,Развозкада бари жаксы,ru,neg,0.7516995668411255,pickup,0.6094235777854919
transport,459,15,Хорошо,ru,pos,0.9549247622489929,general,0.6731588840484619
transport,462,15,"Стоянки для служебных автобусов где мы стоим ждем,уберите таксистов возле гаража",ru,neu,0.8218029737472534,capacity,0.6566354036331177
transport,464,15,Езжу на своей машине,ru,pos,0.619439423084259,general,0.4694654941558838
transport,466,15,Нет возражений,ru,neu,0.8257288336753845,general,0.6602816581726074
transport,467,15,"Водители уезжают на 5-10 минут раньше с места сборки 
Уже 3 раза автобус уезжал прям перед лицом",ru,neu,0.8120142221450806,punctuality,0.7332849502563477
transport,468,15,Не опаздывать на работу из за развозке,ru,neu,0.8287058472633362,punctuality,0.6147008538246155
transport,471,15,На 12 маршруте иногда полный место нет можете дать большую автобус спасибо,ru,neu,0.7974267601966858,capacity,0.7163252830505371
transport,473,15,"В Село Узунагаш можно? Чтобы пересадок не было , Прямо ехать на работу",ru,neu,0.8300310373306274,pickup,0.4167071580886841
transport,475,15,Все нормально.,ru,pos,0.8564051985740662,general,0.8098134398460388
transport,489,15,"В зимнее время очень часто включают печку, очень жарко.",ru,neu,0.8080021739006042,other,0.2646864950656891
transport,490,15,"Аэропортқа ерте келеміз сағат 7:10.
10 минутқа кеш басталса  жүру ақытв,яғни 6:20;18:20",kz,neu,0.675219714641571,schedule,0.6259343028068542
transport,492,15,Чуть надо освежить а то там запах ужас,ru,neu,0.5712775588035583,other,0.36405161023139954
transport,494,15,Удалить маршрут до микрофона Таусамалы,ru,neu,0.8294442892074585,other,0.34636643528938293
transport,495,15,Всё устрайвает,ru,pos,0.9697339534759521,pickup,0.4158678650856018
transport,506,15,Очень довольны развозкой,ru,pos,0.9808850884437561,general,0.5768030881881714
transport,507,15,"Добрый день! Почему нельзя сделать, чтобы шаттл отъезжал не в 20-30,а в 20-20?",ru,neg,0.7516544461250305,schedule,0.5095154643058777
transport,509,15,Машина холодна дует из окнах,ru,neg,0.7501064538955688,comfort,0.49136054515838623
transport,510,15,Без коментариев,ru,neu,0.8296290040016174,general,0.4630610942840576
transport,511,15,9  маршрут  отлично  .,ru,neu,0.6561387181282043,routes,0.4795393645763397
transport,512,15,Всё терпимо,ru,pos,0.8571891188621521,general,0.5985237956047058
transport,514,15,Здравствуйте мне всё устраивает,ru,pos,0.65799480676651,general,0.7015318870544434
transport,515,15,Сделать вечерней выезд по раньше,ru,neu,0.8299483060836792,schedule,0.6095336079597473
transport,516,15,Жиналу орны аэропорттың авто тұрағында болса жақсы болар еді,kz,neu,0.40029722452163696,pickup,0.5589834451675415
transport,518,15,Без замечаний,ru,pos,0.7331801056861877,general,0.4976913034915924
transport,519,15,Всё устрайвает,ru,pos,0.9697339534759521,pickup,0.4158678650856018
transport,521,15,все устраивает,ru,pos,0.9602885246276855,general,0.5876758098602295
transport,524,15,"Хотелось бы когда с работы выходим чтобы автобусы стояли на стоянке ,а то мёрзнем стоим.",ru,neu,0.455956369638443,capacity,0.7015844583511353
transport,525,15,Все хорошо так держать 🙏,ru,pos,0.9722357988357544,general,0.6609716415405273
transport,526,15,Что бы автобус стоял заранее на остановке когда на улице не погода,ru,neg,0.7509835362434387,punctuality,0.7194498777389526
transport,527,15,На своей машине,ru,neu,0.8125659227371216,drivers,0.5340479612350464
transport,529,15,хорошие водители,ru,pos,0.9651526808738708,drivers,0.7613177299499512
transport,530,15,Все отлично так держать 🙏,ru,pos,0.9783536791801453,general,0.6916625499725342
transport,532,15,8маршрут через сейфуллина двигается мы домой почти в 22:00 доезжаем после дня после ночи,ru,neg,0.7516799569129944,punctuality,0.5940055251121521
transport,540,15,"Долго едит, особо никуда не торопиться. До этого водителям времени уходила меньше",ru,neu,0.8169535398483276,punctuality,0.6280345916748047
transport,541,15,Все отлично,ru,pos,0.9808452129364014,general,0.8007181286811829
transport,544,15,"Водители 10 маршрута очень вежливые, всегда чисто в автобусе,соблюдают чистоту",ru,pos,0.9577684998512268,drivers,0.4733797311782837
transport,545,15,По раньше выезжать с работы хотя бы 08 20 зимой особенно тяжело стоять ждать,ru,neg,0.4318028390407562,punctuality,0.7021936178207397
transport,546,15,Удобно комфортно,ru,pos,0.8600831031799316,pickup,0.49673452973365784
transport,547,15,Все хорошо,ru,pos,0.9801375269889832,general,0.8084592819213867
transport,552,15,Все супер,ru,pos,0.9808324575424194,general,0.7026013135910034
transport,555,15,Всё хорошо.,ru,pos,0.980436384677887,general,0.8135569095611572
transport,559,15,Маған ұнайды,kz,pos,0.6039095520973206,pickup,0.42637524008750916
transport,560,15,По 8 маршруту все устраивает,ru,neu,0.8220240473747253,routes,0.5889467000961304
transport,562,15,"Адам көп орындықтар ыңғайсыз аяғың симайды, артында адамдар жатып алады орын аз тар, үлкен автобус керек",kz,neu,0.5168682336807251,capacity,0.5465325117111206
transport,564,15,Ноу коммент,ru,neu,0.8286188840866089,other,0.3196300268173218
transport,565,15,Все устраивает,ru,neu,0.8252975940704346,general,0.5765484571456909
transport,569,15,Все отлично,ru,pos,0.9808452129364014,general,0.8007181286811829
transport,570,15,Всё супер. Благодарю вас.,ru,pos,0.97970050573349,general,0.7962743043899536
transport,579,15,Повысить вежливое отношение водителей.,ru,pos,0.6498541235923767,drivers,0.7583130598068237
transport,580,15,Бәрі жақсы,kz,pos,0.5791054964065552,general,0.6726312637329102
transport,582,15,Все хорошо,ru,pos,0.9801375269889832,general,0.8084592819213867
transport,584,15,Кешкысын жай келеды жумыска кешыгып барамыз,ru,neu,0.8008997440338135,pickup,0.5207383632659912
transport,585,15,Вместимость. Нет мест,ru,neu,0.821538507938385,pickup,0.5996552109718323
transport,590,15,Ничего,ru,neg,0.7515589594841003,general,0.5239810943603516
transport,594,15,"Очень удобно,водители  вежливы.",ru,pos,0.9796100854873657,general,0.5604223608970642
transport,595,15,Хотелось бы чтобы в мой район тоже был маршрут,ru,pos,0.5621062517166138,routes,0.5658223628997803
transport,597,15,"Бәрі жақсы уақытын да апарады ,әкеледі.Орында жетеді.",kz,pos,0.5165851712226868,schedule,0.5095937848091125
transport,600,15,Всё хорошо,ru,pos,0.9807606935501099,general,0.8059932589530945
transport,602,15,Хорошо,ru,pos,0.9549247622489929,general,0.6731588840484619
transport,603,15,Добавьте пожалуйста развозку в сторону Водника,ru,neu,0.8290475010871887,drivers,0.5208458304405212
transport,604,15,Музыка иногда бывает лишней,ru,neu,0.827645480632782,other,0.2791493535041809
transport,606,15,Спасоп служба не успеевать служебку утром у нас развод долго идет,ru,neu,0.8194417357444763,other,0.38798463344573975
transport,607,15,Вроде бы мне устраивает,ru,neu,0.8242141604423523,general,0.4909038245677948
transport,608,15,Керемет,ru,neu,0.8287199139595032,other,0.3511122465133667
transport,609,15,Все устраивает,ru,neu,0.8252975940704346,general,0.5765484571456909
transport,610,15,Один из водителей не совсем профессионально управляет автобусом,ru,neu,0.8287945985794067,capacity,0.5967397689819336
transport,611,15,Хорошо,ru,pos,0.9549247622489929,general,0.6731588840484619
transport,612,15,Все устраивает,ru,neu,0.8252975940704346,general,0.5765484571456909
transport,613,15,Отлично,ru,pos,0.9649509191513062,general,0.6830763816833496
transport,614,15,Все в порядке,ru,pos,0.6267393231391907,general,0.7982051372528076
transport,621,15,Спасибо все норма,ru,pos,0.9553995728492737,general,0.6455713510513306
transport,625,15,Определить место автобусам ожидания пассажиров,ru,neu,0.8296644687652588,capacity,0.731150209903717
transport,626,15,Слышала быстро едут иногда не ждут иногда других не забирают это плохо,ru,pos,0.9302390217781067,punctuality,0.5326336026191711
transport,627,15,Водитель вечно не доволен чем то. Такое ощущение что возит из одолжения!,ru,neu,0.7912231683731079,drivers,0.707487940788269
transport,630,15,Вечером с роботы домой времья чуть раньше сделать,ru,neu,0.8065655827522278,punctuality,0.44238635897636414
transport,631,15,Место сбора,ru,neu,0.8276835083961487,other,0.31226494908332825
transport,635,15,Бари жаксы,ru,neg,0.7500260472297668,other,0.38073861598968506
transport,636,15,Хотелось бы чтобы маршрут продлили до с.Узунагача,ru,neu,0.7901594042778015,routes,0.5237389802932739
transport,638,15,Я прошу продлить на три квартал маршрут 9 пос жапек батыр до улица Тулебаева потому что далеко,ru,neu,0.7313512563705444,routes,0.6207531690597534
transport,641,15,Развозка 8 маршрут ездит только по утрам . В ночную смену он не ездит?,ru,neg,0.751539945602417,punctuality,0.5724058747291565
transport,642,15,"Очень удобно, спасибо Вам",ru,pos,0.9739671945571899,general,0.7166913747787476
transport,643,15,"Таң ертең және кешкісін сменнен кейін ,автобус келетін тұраққа таксисттер тұрып алады.",kz,neu,0.6303535103797913,punctuality,0.6479185819625854
transport,645,15,Ничего,ru,neg,0.7515589594841003,general,0.5239810943603516
transport,646,15,Бәрі жақсы.Рахмет,kz,pos,0.8976461291313171,general,0.7198677062988281
transport,647,15,Зделайте маршрут из Шелека от туда много людей приедит на работу,ru,neg,0.7516806125640869,routes,0.5183915495872498
transport,655,15,"Место сбора,,когда едешь домой со смены.
Приходится ждать на холоде.",ru,neg,0.7515622973442078,punctuality,0.6764196157455444
transport,657,15,"В остальном, все устраивает",ru,neu,0.8117444515228271,general,0.5436480045318604
transport,658,15,Больше  маршрутов,ru,neu,0.8218144178390503,routes,0.7490507960319519
transport,659,15,Утром в будние дни нет мест чтобы сесть,ru,neg,0.7515946626663208,schedule,0.4671385884284973
transport,661,15,Жаңа автобус болса жақсы болар еді.,kz,pos,0.3388546407222748,capacity,0.7230209708213806
transport,663,15,Бары жаксы,ru,neg,0.751680314540863,pickup,0.4254891872406006
transport,665,15,Было бы  хорошо  если добавить  маршрут ы,ru,neu,0.8185284733772278,routes,0.6956709623336792
transport,667,15,Отлично,ru,pos,0.9649509191513062,general,0.6830763816833496
transport,669,15,Отлично,ru,pos,0.9649509191513062,general,0.6830763816833496
transport,670,15,Я за рулем маршрут не надо мне,ru,neu,0.8299513459205627,general,0.5409389138221741
transport,671,15,Қанағаттанарлық,kz,neu,0.5039792060852051,other,0.3490757346153259
transport,673,15,Место сбора изменить,ru,neu,0.8288702368736267,pickup,0.5829465389251709
transport,674,15,12 маршрут маленький,ru,neu,0.8234875202178955,routes,0.5753216743469238
transport,677,15,Все отлично,ru,pos,0.9808452129364014,general,0.8007181286811829
transport,678,15,Молодцы,ru,pos,0.7530321478843689,general,0.4780319631099701
transport,680,15,Все хорошо,ru,pos,0.9801375269889832,general,0.8084592819213867
transport,683,15,Сбор можно сделать северного КПП,ru,neu,0.8193917870521545,pickup,0.5039421319961548
transport,685,15,Всё хорошо,ru,pos,0.9807606935501099,general,0.8059932589530945
transport,686,15,"Афтобус маленький,нужен по болше",ru,neu,0.8280345797538757,other,0.39759400486946106
transport,690,15,Барі дурыс,kz,neg,0.5656200647354126,other,0.35702410340309143
transport,692,15,Нет остановки на свх,ru,neu,0.824134349822998,general,0.5436750650405884
transport,693,15,Место сбора лучше сделать в районе северной,ru,neu,0.8290888071060181,pickup,0.5442231893539429
transport,696,15,У нас нет развоск,ru,neu,0.8112593293190002,other,0.3600451350212097
transport,698,15,Все устраивает.Спасибо большое руководству.,ru,pos,0.9432963728904724,general,0.6159465909004211
transport,705,15,Не пользуюсь транспортом.,ru,neu,0.7483962178230286,other,0.35867559909820557
transport,708,15,Өте жаксы,kz,pos,0.5171718597412109,pickup,0.43490496277809143
transport,709,15,Бурундайга керек мен минбим ваще,ru,neu,0.8255050182342529,general,0.4774450361728668
transport,711,15,Все отлично,ru,pos,0.9808452129364014,general,0.8007181286811829
transport,713,15,Бәрі керемет,kz,neg,0.4541356861591339,general,0.5074925422668457
transport,715,15,Все хорошо,ru,pos,0.9801375269889832,general,0.8084592819213867
transport,719,15,Өте жақсы.,kz,pos,0.7467254400253296,general,0.6891415119171143
transport,720,15,Бәрі қанағаттанарлық,kz,neg,0.3850216269493103,other,0.3449627161026001
transport,721,15,Комфорт,ru,neu,0.8290392756462097,general,0.4187113642692566
transport,722,15,Автобус пайдаланатын адамдардан сұрастыру керек,kz,neu,0.734039843082428,capacity,0.7168943881988525
transport,723,15,Нормально,ru,pos,0.6443888545036316,general,0.7650532722473145
transport,725,15,9-Машруттан Жәпек батырды алып тастау керек сол ауылға кіргенде шыққанда пробкаға тұрамыз,kz,neu,0.5392155647277832,pickup,0.5112700462341309
transport,727,15,Остановки нет на свх,ru,neu,0.8291620016098022,pickup,0.6054456233978271
transport,728,15,Все отлично,ru,pos,0.9808452129364014,general,0.8007181286811829
transport,729,15,"Зимой очень не удобно ждать развозку возле гаражей мерзнем,",ru,neg,0.7508359551429749,pickup,0.5719231367111206
transport,734,15,13 маршрут просим установку на СВХ,ru,neu,0.8299322128295898,routes,0.486626535654068
transport,736,15,Все устраивает,ru,neu,0.8252975940704346,general,0.5765484571456909
transport,737,15,Остановка по требованию,ru,neg,0.7514108419418335,pickup,0.4139045774936676
transport,741,15,Незнааю,ru,neu,0.7984218001365662,other,0.35496214032173157
transport,742,15,"4маршрут утром слишком рано 06:00 отправляется, хотябы 06：30 сделать отправку маршрута с село Байтерек!",ru,neu,0.8173862099647522,punctuality,0.6177268624305725
transport,743,15,"Кейде ерте, кейде кеш келеді",kz,neu,0.7081140875816345,schedule,0.6174948215484619
transport,744,15,Не пользуюсь,ru,neu,0.8237802386283875,general,0.4677746891975403
transport,745,15,Я всем довольна,ru,pos,0.9810577630996704,general,0.6037360429763794
transport,746,15,Мне хорошо прям рядом с домам проезжает,ru,pos,0.8825283050537109,general,0.507832944393158
transport,747,15,Пунктуальность аккуратность ответственность,ru,neu,0.6003474593162537,other,0.32283660769462585
transport,749,15,Самый длинный и долгий маршрут,ru,neu,0.7952738404273987,routes,0.6557410359382629
transport,750,15,В общем нормально,ru,pos,0.6056822538375854,general,0.7634221315383911
transport,756,15,Хорошо,ru,pos,0.9549247622489929,general,0.6731588840484619
transport,757,15,Мен барлық жасаған жағдайға ризамын. Рахмет,kz,pos,0.8585796356201172,other,0.3285577893257141
transport,763,15,Кто не пользуется маршрут им добавить зарплату за это . Это вариант!,ru,neg,0.7514782547950745,routes,0.4484601318836212
transport,765,15,"Оценка, хорошо.",ru,pos,0.9751337766647339,general,0.6507599353790283
transport,767,15,Классно,ru,pos,0.4478249251842499,general,0.5684365034103394
transport,768,15,"Очень хорошие, внимательные, добрые водители ✨ Спасибо им",ru,pos,0.9809333086013794,drivers,0.6893423199653625
transport,769,15,Колданбаймын,ru,neu,0.8286570310592651,other,0.363326758146286
transport,771,15,Меня устраивает маршрут,ru,neu,0.8266035914421082,routes,0.6017807126045227
transport,774,15,Все отлично,ru,pos,0.9808452129364014,general,0.8007181286811829
transport,786,15,Свой транспорт,ru,neg,0.7516576051712036,capacity,0.5080690383911133
transport,787,15,Добавьте пожалуйста маршрут,ru,neu,0.8297367095947266,routes,0.5835317969322205
transport,789,15,Все по протоколу,ru,pos,0.9321879148483276,general,0.5294322967529297
transport,793,15,Всё отлично,ru,pos,0.9809096455574036,general,0.7965304851531982
transport,796,15,Жаңа автобус,kz,neu,0.45078229904174805,comfort,0.7227394580841064
transport,797,15,"Близко живу, корпоративным транспортом не пользуюсь.",ru,neu,0.8200781941413879,other,0.3167077898979187
transport,798,15,Тасымал,ru,neu,0.43291085958480835,other,0.28333404660224915
transport,801,15,Выезд с работы 8.15,ru,neu,0.8229836225509644,schedule,0.5415326952934265
transport,802,15,Все хорошо,ru,pos,0.9801375269889832,general,0.8084592819213867
transport,806,15,Слишком рано выезжают,ru,neu,0.8282809853553772,schedule,0.7248055934906006
transport,807,15,Тасмалдың болғаны ыңғайлы,kz,pos,0.5773699283599854,pickup,0.5501885414123535
transport,808,15,Уақытылы келуі,kz,neg,0.4320548176765442,pickup,0.41437995433807373
transport,809,15,Желателно до автостанций развазили.а то на дачах конечная.,ru,neg,0.7515714764595032,punctuality,0.5272377729415894
transport,813,15,Меня всё устраивает.,ru,neg,0.7515443563461304,general,0.6917826533317566
transport,814,15,Бәрі жақсы керемет,kz,pos,0.7037233710289001,general,0.5088577270507812
transport,815,15,"На 4 маршруте часто меняется автобус, иногда возит иссыкский",ru,neu,0.8163726925849915,capacity,0.6112229824066162
transport,817,15,Нормально,ru,pos,0.6443888545036316,general,0.7650532722473145
transport,821,15,Отлично,ru,pos,0.9649509191513062,general,0.6830763816833496
transport,824,15,Нормально,ru,pos,0.6443888545036316,general,0.7650532722473145
transport,825,15,"В принципе хорошо, в зимнее время стоять по трассе не очень безопасно",ru,pos,0.5108468532562256,punctuality,0.48050665855407715
transport,828,15,Летом 2 маршрут переполненный,ru,neu,0.8242502212524414,routes,0.5270854234695435
transport,832,15,Место ожидания по ул Закарпатской зимой холодно ждать весной и осенью под дождьём,ru,neu,0.7238063812255859,punctuality,0.6030212640762329
transport,835,15,Замечании нет,ru,neg,0.7514734268188477,general,0.49999088048934937
transport,837,15,Өте жақсы,kz,pos,0.5354360938072205,general,0.6417340040206909
transport,839,15,Нормально,ru,pos,0.6443888545036316,general,0.7650532722473145
transport,840,15,Бари жаксы.,ru,neg,0.7513467073440552,general,0.42159169912338257
transport,841,15,Служба СПАСОП постоянно задерживается. Говорят задерживает руководство.,ru,neu,0.8186534643173218,other,0.3122781217098236
transport,844,15,Огромное спасибо!,ru,pos,0.9811142086982727,general,0.5267986059188843
transport,847,15,Нет маршрута по Белинского,ru,neu,0.829610288143158,routes,0.5251898169517517
transport,848,15,"Маршрут  проходит  по очень  загруженным  улицам, поэтому  в ночную смену иногда опаздываем",ru,neu,0.8179149627685547,schedule,0.6976044774055481
transport,849,15,Вечером очень поздно приедет,ru,neu,0.821576714515686,schedule,0.6305868625640869
transport,850,15,У меня  есть своя машина 🚗,ru,pos,0.5843825936317444,general,0.4741220474243164
transport,851,15,Все хорошо,ru,pos,0.9801375269889832,general,0.8084592819213867
transport,852,15,Нормально,ru,pos,0.6443888545036316,general,0.7650532722473145
transport,853,15,У меня свои автомобиль можете стоянку сделать,ru,neu,0.8298847675323486,general,0.565062403678894
transport,854,15,Хооошие.,ru,neu,0.828551709651947,pickup,0.4300127327442169
transport,855,15,Не успеваем на развозку,ru,neu,0.8261788487434387,routes,0.5269342660903931
transport,856,15,Бәрі жақсы,kz,pos,0.5791054964065552,general,0.6726312637329102
transport,857,15,Кешікпейміз уақытында жұмысқа барамыз,kz,neu,0.49011367559432983,schedule,0.6175139546394348
transport,858,15,Все отлично,ru,pos,0.9808452129364014,general,0.8007181286811829
transport,859,15,Очень удобно добраться,ru,pos,0.9561522603034973,general,0.5813144445419312
transport,862,15,Жақсы бәрі. Ыңғайлы маршрут. Өзіме унайды.,kz,pos,0.7414488792419434,routes,0.6135987043380737
transport,863,15,Маршрут 10 сделать остановку на СВХ и  в пятницу. Байтерек,ru,neu,0.821950376033783,punctuality,0.5426235198974609
transport,864,15,Все отлично,ru,pos,0.9808452129364014,general,0.8007181286811829
transport,865,15,Автобус,ru,neu,0.8164259195327759,capacity,0.7009283900260925
transport,866,15,"Все нормально, успехов и процветания!!!!!!",ru,pos,0.9812914133071899,general,0.6412101984024048
transport,867,15,Все устраивает,ru,neu,0.8252975940704346,general,0.5765484571456909
transport,868,15,Откройте пожалуйста маршрут Водник,ru,neu,0.8248404264450073,routes,0.44638243317604065
transport,878,15,Все устраивает,ru,neu,0.8252975940704346,general,0.5765484571456909
transport,879,15,"Все отлично,спасибо водителям",ru,pos,0.9799845814704895,general,0.7465851306915283
transport,880,15,Все устрайвает,ru,pos,0.9616369009017944,pickup,0.45172664523124695
transport,886,15,Барлығы жақсы,kz,pos,0.621658444404602,general,0.5810741186141968
transport,887,15,Меня устраивает,ru,pos,0.6292222142219543,general,0.5537731647491455
transport,889,15,Танертеңгі развозка пос. Алатаудан Аэропортка жүруін сұраймыз,kz,neu,0.852398157119751,pickup,0.41414543986320496
transport,890,15,Хорошо,ru,pos,0.9549247622489929,general,0.6731588840484619
transport,891,15,Меня всё устраивает,ru,neg,0.7515219449996948,general,0.6625810861587524
transport,892,15,Всё  хорошо,ru,pos,0.9807606935501099,general,0.8059932589530945
transport,893,15,Добавить 11 маршрут пяти дневку на 17.00,ru,neu,0.8283002972602844,routes,0.5401415824890137
transport,894,15,Всё хорошо,ru,pos,0.9807606935501099,general,0.8059932589530945
transport,895,15,Добавить  11 маршрут на пяти девку  на 17.00,ru,neu,0.8281212449073792,routes,0.4540543556213379
transport,896,15,Все отлично.На Водник автобус надо,ru,pos,0.979435920715332,general,0.6058831214904785
transport,897,15,Не пользуюсь развозкой,ru,neu,0.8271510004997253,general,0.49199178814888
transport,898,15,Все устраивает,ru,neu,0.8252975940704346,general,0.5765484571456909
transport,901,15,Добавили бы маршрут который проходит через Думан-2,ru,neu,0.826067328453064,routes,0.5584725737571716
transport,907,15,"Добавьте в 12 маршрут улицы Казыбаева, Ратушного, Омарова (хотя бы по утрам)",ru,neg,0.7514734268188477,routes,0.4169793128967285
transport,908,15,"Время выезда чтобы было так, чтобы не уходить с работы раньше, чтобы уехать",ru,neg,0.7516503930091858,schedule,0.6880864500999451
transport,912,15,Живу недалеко в турксибском районе езжу на своём авто,ru,neu,0.8193833231925964,other,0.3997945785522461
transport,913,15,Все интересует,ru,neg,0.7517208456993103,general,0.44850271940231323
transport,914,15,"Барi жаксы,бир калыпты!!!",ru,neu,0.7832184433937073,general,0.40169864892959595
transport,920,15,Всё хорошо,ru,pos,0.9807606935501099,general,0.8059932589530945
transport,922,15,"по Кулжинской трассе допускают превышение скоростного режима, определённого знаками ПДД.",ru,neu,0.8182932734489441,drivers,0.4898384213447571
transport,926,15,Живу рядом,ru,pos,0.5009196400642395,pickup,0.4554014205932617
transport,928,15,Большая просьба организовать маршрут до Узынагач так как в одной смене более 15 ти человек!,ru,neu,0.8193831443786621,routes,0.45914024114608765
transport,930,15,"Бәрі жақсы, керемет!",kz,pos,0.901159942150116,general,0.6486979722976685
dms,1,21,Мрооооомит,ru,neg,0.7511647343635559,other,0.2951390743255615
dms,2,21,фывапр,ru,neg,0.7514527440071106,other,0.3253985643386841
dms,15,21,sdjhflghda;;f;h,ru,neu,0.8114256858825684,other,0.3260229825973511
dms,16,21,ответаааааа,ru,neu,0.817663848400116,other,0.3915236294269562
dms,22,21,айданааа,ru,pos,0.657053530216217,other,0.2556638717651367
dms,24,21,ничего,ru,neg,0.7513462901115417,other,0.3719911575317383
dms,26,21,plssss,ru,neg,0.7514614462852478,other,0.25340795516967773
dms,37,21,в общем услуги удовлятворяют,ru,neu,0.8299328088760376,general,0.44225913286209106
dms,45,21,Тіс емдеуге қосымша ақша қосса,kz,neu,0.7907941937446594,copay,0.5667266249656677
dms,52,21,Очень доволен услугами медицинской страховкой,ru,pos,0.9813475608825684,general,0.7384657859802246
dms,53,21,Хотим чтобы таблетки (препараты)  давали бесплатно а не за деньги,ru,neu,0.8162264227867126,drugs,0.5819926261901855
dms,66,21,Хотелось бы добавить членов семьи. Даже за дополнительную плату.,ru,neg,0.751509428024292,other,0.3664790391921997
dms,83,21,"Обслуживание нормальное, просто есть врачи некомпетентные.",ru,pos,0.4893741011619568,clinics,0.7434489130973816
dms,86,21,Мед орталықты өзгертсеңіздер.Стоматологияға көп қаржы бөлінсе дұрыс болар еді,kz,neu,0.48819079995155334,drugs,0.5364963412284851
dms,90,21,Хотелось бы что бы лечили хронические болезни спины,ru,neu,0.8249728679656982,other,0.33502256870269775
dms,163,21,Выделить больше денежных средств на лечение зубов,ru,neu,0.8287036418914795,limits,0.6144226789474487
dms,175,21,Хотелось бы по больше мед услуг доступными,ru,neu,0.8229040503501892,drugs,0.4447139501571655
dms,183,21,Рассширить спект услуг,ru,neu,0.8293096423149109,other,0.36917367577552795
dms,185,21,Выделить по больше сумму на стоматологию,ru,neu,0.8290843367576599,limits,0.6828323602676392
dms,200,21,"Мало средств на стоматологию, хотелось бы больше",ru,neg,0.7511494755744934,limits,0.7677499055862427
dms,217,21,"Освежить меню,чай,компот отдаёт хлоркой,некоторые блюда мало готовят,не хватает.",ru,neu,0.8279150128364563,other,0.33895963430404663
dms,227,21,Все норм,ru,pos,0.9582861661911011,general,0.4652017056941986
dms,250,21,"аптеки выдающие ,лекарства находятся очень далеко от порта ,и их очень мало",ru,neg,0.7509703636169434,drugs,0.47458890080451965
dms,280,21,Воздержусь))) от комментариев,ru,neu,0.8278546333312988,other,0.37889623641967773
dms,290,21,Спасибо за помощь 👍,ru,pos,0.9785312414169312,general,0.43883275985717773
dms,314,21,"Пожалуйста предоставить больше на анализы,фозолечение,",ru,neu,0.8233314752578735,other,0.3379964232444763
dms,323,21,Шпоры на ногах . хотелось бы вылечить. Апо нашеи страховки не лечат,ru,neg,0.7514853477478027,limits,0.45747458934783936
dms,338,21,Не нужная страховка всё там платно,ru,pos,0.6211460828781128,general,0.5492193698883057
dms,341,21,Просим выделить больше денег на стомотологию,ru,neu,0.8272007703781128,limits,0.4870854318141937
dms,358,21,Услуги стоматолога надо поднять для оплаты,ru,neu,0.8300004601478577,limits,0.6258676648139954
dms,362,21,Все отлично,ru,pos,0.9808452129364014,general,0.7210381031036377
dms,366,21,"Страховая компания не работает,  смысла в ней нет",ru,neg,0.75154709815979,other,0.3830904960632324
dms,416,21,Керек деген приемдарға қабылдамайды. Анализдер платный страховка бәрін жаба бермейді.,kz,neu,0.5009060502052307,other,0.35008367896080017
dms,427,21,Было лучше если бы принимали все врачи,ru,pos,0.8237614035606384,drugs,0.5379095077514648
dms,439,21,"Врач гинеколог отказался принимать,   пришлось обращаться в другой филиал",ru,neg,0.751463770866394,clinics,0.7634420394897461
dms,451,21,Чтобы ввели в страховку лечение хронических заболеваний,ru,neg,0.7505273222923279,general,0.4210605025291443
dms,461,21,Будем здоровы,ru,pos,0.594510018825531,general,0.45407557487487793
dms,464,21,Отличная страховка,ru,pos,0.96881502866745,general,0.6764582991600037
dms,476,21,Всё хорошо,ru,pos,0.9807606935501099,general,0.7232820987701416
dms,479,21,Тіс  емдеуге арналған ақша көлемі өте аз.,kz,neu,0.6490872502326965,drugs,0.479759156703949
dms,486,21,"Хотелось бы чтобы по больше выдаляли деньги на стамотолию,и по больше включили анализы и лекарство",ru,pos,0.9552076458930969,drugs,0.5071924328804016
dms,489,21,"Включить в программу обязательный проф.осмотр, раз в год",ru,neu,0.8291394710540771,other,0.26690247654914856
dms,501,21,Всё хорошо,ru,pos,0.9807606935501099,general,0.7232820987701416
dms,518,21,"Бәрі жақсы, күшті, рақмет",kz,pos,0.8811166882514954,other,0.3738912343978882
dms,528,21,Не полное покрытие страхование,ru,neu,0.7578914761543274,limits,0.587996780872345
dms,542,21,на стаматологи больше денег на страховку,ru,pos,0.5151277184486389,limits,0.532179594039917
dms,543,21,На стаматологию побольше денег на страховку,ru,pos,0.5896909832954407,limits,0.5269647836685181
dms,544,21,Стоматология больше денег,ru,pos,0.5907924175262451,limits,0.48158586025238037
dms,546,21,Осмс стомотология не оплачиваеться а хотелось бы.,ru,neu,0.8195022940635681,other,0.21927788853645325
dms,570,21,Лично сам никаких претензий и особых замечаний не имею. Всего хорошего),ru,pos,0.9906814694404602,general,0.4088676869869232
dms,577,21,Добавьте в страховку  большое количество анализов и препаратов для бесплатного получения,ru,neu,0.8205819129943848,drugs,0.5420411825180054
dms,579,21,Все хорошо,ru,pos,0.9801375269889832,general,0.7282476425170898
dms,587,21,Медицинская страховка покрывает лишь острые заболевания во всех категориях,ru,neg,0.7514069676399231,other,0.39669960737228394
dms,607,21,Классно было бы если гормональный анализы было бы бесплатно,ru,pos,0.953473687171936,other,0.3271733522415161
dms,632,21,Спасибо Аэропорту за предоставленную нам услуги.... ♥,ru,pos,0.9622334837913513,general,0.4033626914024353
dms,651,21,Тіс жондеугекоп ақша бөлінсе,kz,neu,0.6138163805007935,copay,0.5633569955825806
dms,675,21,Очень мало средств выделено на стоматологию,ru,neg,0.7515988349914551,limits,0.7790676355361938
dms,686,21,Очень мало средств выделено на стоматологические услуги. Сейчас даже зуб вырвать стоит от 12000.,ru,neg,0.7515859603881836,limits,0.6983644962310791
dms,702,21,Бесплатные операции,ru,neu,0.8241519331932068,other,0.3649805784225464
dms,708,21,Спасибо и на этом хотелось бы более обширные,ru,pos,0.947867214679718,general,0.5115344524383545
dms,718,21,Барлық қажеттілік толық қамтамасыздандырылмаған,kz,neg,0.49121370911598206,other,0.38322913646698
dms,720,21,мало выделено средств на стоматологические услуги,ru,neg,0.7515345215797424,limits,0.8179358243942261
dms,726,21,Стоматологияга көбірек ақша бөлінсе,kz,neu,0.7477611303329468,limits,0.5659294128417969
dms,733,21,Хотелось бы чтобы рассматривали все жалобы по здоровью,ru,neu,0.7365605235099792,general,0.43034765124320984
dms,735,21,"Хотелось бы улучшить медстраховку для нужных лекарств, и процедур!
Заранее благодарю!",ru,pos,0.9543915390968323,drugs,0.6555690765380859
dms,737,21,"Бұл страховка түкке тұрмайды,керегі не адамдарды алдап.",kz,neg,0.5423235297203064,limits,0.5465614199638367
dms,740,21,Выберите другую клинику.Нужно выделить к стоматологую больше денег,ru,neu,0.8133823275566101,limits,0.6326797604560852
dms,749,21,лрдлолд,ru,pos,0.914276123046875,other,0.2974892556667328
dms,753,21,ппауупуп,ru,neg,0.7515102028846741,other,0.31546247005462646
dms,754,21,аакакаа,ru,neg,0.7515521049499512,other,0.2552787661552429
dms,762,21,Тупизм сұрақтар,kz,neg,0.811445951461792,other,0.27676844596862793
dms,773,21,"Самое лучшее медицинское обслуживание,уже 2 раз посещаю ,все на высшем уровне 😍",ru,pos,0.9813273549079895,general,0.5638771653175354
dms,777,21,Меня всё устраивает,ru,neg,0.7515219449996948,general,0.5378178358078003
dms,792,21,Слабые врачи,ru,neu,0.7966309785842896,clinics,0.6776502132415771
dms,798,21,"Более качественное лечение, использовать УЗИ,Кт.",ru,pos,0.9300652146339417,drugs,0.4477072060108185
dms,827,21,"Не вижу смысла туда ходить , за исключением стоматолога и то этой суммы не хватает приходиться доплачивать .",ru,neu,0.8074150681495667,limits,0.6392948627471924
dms,831,21,Все хорошо,ru,pos,0.9801375269889832,general,0.7282476425170898
dms,832,21,Барлық анализ түрлерін тапсыруға мүмкіндік берілсе деймін,kz,neu,0.47074881196022034,other,0.34163564443588257
dms,837,21,чтобы по карте было все бесплатно,ru,neu,0.8227440714836121,other,0.36540642380714417
dms,838,21,Удалить по больше внимания стоматологи,ru,neu,0.8281354308128357,limits,0.5520605444908142
dms,848,21,Увеличьте пожалуйста деньги поход к стомотологу,ru,neu,0.8227904438972473,limits,0.4932357668876648
dms,856,21,Стоматология самое важное,ru,neg,0.7510634660720825,other,0.3732362985610962
dms,863,21,Очень  плохо  1,ru,neg,0.7517009377479553,other,0.2516561448574066
dms,868,21,"Стоматологиялық көмек көрсетуге көбірек қаржы бөлінсе,шектеу алынып тасталса",kz,neg,0.4691118896007538,limits,0.6279292106628418
dms,884,21,Тиске кобирек акша берилсе,ru,neu,0.8282361030578613,other,0.19491355121135712
dms,889,21,"Не нравится специалисты, качество",ru,neu,0.8256397247314453,clinics,0.46961450576782227
dms,916,21,Пользуюсь мед услугами по месту жительства:,ru,neu,0.8218864798545837,other,0.3439582586288452
dms,937,21,Узи не все виды и анализы не все,ru,neu,0.6955083012580872,other,0.27381205558776855
dms,943,21,Половину услуги оплачиваем со своего кармана.,ru,neg,0.7513663172721863,copay,0.5466294288635254
dms,944,21,Страховканың ешқандай көмегі жоқ.,kz,neg,0.6954219341278076,limits,0.5448122620582581
dms,958,21,Увеличение страхового,ru,neu,0.8283514976501465,limits,0.47399967908859253
dms,977,21,Не все услуги обслуживают пострховке,ru,neu,0.8243944644927979,limits,0.4726763963699341
dms,987,21,Увеличит на стоматологии,ru,neu,0.820679247379303,limits,0.5705019235610962
dms,990,21,"Добавьте пожалуйста бюджет на лечение зубов, если это возможно пожалуйста 🙏",ru,neu,0.798258364200592,limits,0.5863050222396851
dms,999,21,Ломал ногу операцию делают но стоймость позвонили и сказали что 3600$,ru,neu,0.8077324628829956,other,0.3477633595466614
dms,1001,21,Постоянно говорят что страховка не покрывает расходы,ru,neu,0.8007805347442627,limits,0.4558035731315613
dms,1011,21,Увеличить услуги по медицинской страховке.Понять сумму мед страховки на стоматологию,ru,neu,0.8196303844451904,limits,0.6629695892333984
dms,1014,21,"Добавить в страховку проведение плановых операций 
Лечение Зубов . Диагностика МРТ и КТ - по 3",ru,neu,0.6531694531440735,drugs,0.40464580059051514
dms,1056,21,На приобретение лекарств выделена  небольшая сумма,ru,neu,0.8154193758964539,drugs,0.6561589241027832
dms,1060,21,"Ары бері жүгірте береді екен, бір дәрінің өзі платный болып шықты, сосын бармай қойдым",kz,neu,0.4118553400039673,copay,0.47731250524520874
dms,1065,21,Бари норм,ru,pos,0.8806297779083252,other,0.3372471332550049
dms,1067,21,Добавьте денег некоторым врачам,ru,neu,0.8271202445030212,drugs,0.5956014394760132
dms,1074,21,"Добрый день, назначение было сделано,но лекарство покупала сама",ru,pos,0.8705183267593384,drugs,0.5294292569160461
dms,1075,21,Когда в аэропорту откроеться своя поликлиника,ru,neu,0.8271300196647644,other,0.37505948543548584
dms,1097,21,Бұданда жақсарғанын қалаймыз.,kz,pos,0.6369935870170593,other,0.3298528790473938
dms,1104,21,Строховка арқылы бір рет ғана бардым,kz,neu,0.5211549997329712,other,0.378785103559494
dms,1105,21,Мне вообще не понравилось страховая по имени Орхан,ru,neg,0.7507208585739136,other,0.2815762460231781
dms,1129,21,Нужно улучшить,ru,neu,0.82985520362854,other,0.29702532291412354
dms,1130,21,Больше услуг.,ru,neu,0.8192559480667114,general,0.4118043780326843
dms,1131,21,Я получила необходимую помочь,ru,pos,0.9746665358543396,copay,0.4240126311779022
dms,1139,21,Качество,ru,neu,0.7630801200866699,general,0.49584317207336426
dms,1140,21,"За все нужно платить, не принемают просто так говорят если что то болит очень сильно только тогда",ru,neg,0.7516127228736877,copay,0.49856871366500854
dms,1141,21,"Мед.центр работает отлично, приняли, сделали назначение, выдали лекарства. Молодцы!!!",ru,pos,0.9811434745788574,general,0.5536888241767883
dms,1147,21,Нас надо хороши страховка,ru,neu,0.8281217813491821,general,0.5506879091262817
dms,1158,21,Просто обследоваться не получилась там только больных обслуживает,ru,neu,0.6214931011199951,clinics,0.5145201683044434
dms,1170,21,Хорошо,ru,pos,0.9549247622489929,general,0.6362440586090088
dms,1174,21,Всё хорошо,ru,pos,0.9807606935501099,general,0.7232820987701416
dms,1178,21,Барлыгы жаксы,ru,neu,0.8250548839569092,copay,0.5462568998336792
dms,1188,21,Хорошо,ru,pos,0.9549247622489929,general,0.6362440586090088
dms,1199,21,Медицинская страховка меня полностью устраивает. Orhun одна из лучших клиник в Алмате,ru,pos,0.9558415412902832,general,0.5884901881217957
dms,1206,21,Побольше на стоматологию,ru,neu,0.7811650633811951,limits,0.5722876787185669
dms,1222,21,Бари жаксы,ru,neg,0.7500260472297668,other,0.351556658744812
dms,1228,21,Открытия филиала в районе аэропорта,ru,neu,0.8281546831130981,other,0.23547905683517456
dms,1232,21,Всё хорошо,ru,pos,0.9807606935501099,general,0.7232820987701416
dms,1237,21,Добрый вечер стоматологию больше денег сделайте пожалуйста,ru,neu,0.8287330865859985,limits,0.5226651430130005
dms,1268,21,"Жақсы, ойдағыдай",kz,pos,0.7687104344367981,other,0.21702611446380615
dms,1272,21,Сотрудники вежливые,ru,pos,0.9628700017929077,other,0.35295894742012024
dms,1301,21,"Мало покрывает страховка нужно доплачивать,МРТ,КТ, анализы,стоматология  все платно",ru,neg,0.7515373229980469,limits,0.6427186131477356
dms,1307,21,Тіс дәрігеріне көбірек ақша бөлінуін сұраймын!,kz,neu,0.5067858695983887,general,0.5100570321083069
dms,1319,21,Спасибо,ru,pos,0.9623023271560669,general,0.6382505893707275
dms,1330,21,Все устраивает,ru,neu,0.8252975940704346,general,0.491634339094162
dms,1356,21,Хорошо,ru,pos,0.9549247622489929,general,0.6362440586090088
dms,1361,21,Включить на стоматологию больше денег,ru,neu,0.8261754512786865,limits,0.6532028913497925
dms,1365,21,стоматология  побольше денег выделите,ru,neu,0.8290360569953918,limits,0.6478350758552551
dms,1366,21,Выделить большую сумму на стамотологию,ru,neu,0.8286927938461304,other,0.30175209045410156
dms,1372,21,Добавить большую сумму на стамотодлгтю,ru,neu,0.8196936845779419,limits,0.4025523066520691
dms,1384,21,Хотелось бы чтоб были более квалифицированные и грамотные врачи,ru,pos,0.951566755771637,clinics,0.5171032547950745
dms,1389,21,Всё супер,ru,pos,0.9809501767158508,general,0.6063516139984131
dms,1390,21,МРТ.КТ сделать бесплатно,ru,neu,0.6663224697113037,other,0.2781375050544739
dms,1401,21,Моя страховка покрыта лора и пульманолога а за остальное сказали доплачивать почему ?,ru,neg,0.7515454888343811,clinics,0.40425992012023926
dms,1406,21,Медицина бесполезна везде.,ru,neu,0.8262960314750671,clinics,0.5002331733703613
